jogo_id,genero,plataforma,gratuito,preco,horas_jogo_mes,avaliacao,idade_jogador,num_avaliacoes
1,Esporte,Console,Não,25.52,22.7,70.3,23.0,49
2,RPG,Mobile,Não,18.57,20.6,57.6,36.0,54
3,Indie,PC,Sim,0.0,15.6,52.2,32.0,37
4,Esporte,PC,Não,11.47,13.2,67.6,14.0,39
5,Ação,Mobile,Sim,0.0,45.1,68.3,34.0,95
6,Indie,Console,Não,18.55,15.6,62.3,34.0,31
7,Esporte,Console,Não,16.26,25.0,67.1,17.0,44
8,Esporte,Console,Sim,0.0,42.9,79.6,10.0,94
9,Ação,PC,Sim,0.0,22.7,70.9,24.0,59
10,RPG,Console,Não,52.56,22.0,82.6,33.0,47
11,RPG,PC,Sim,0.0,15.7,50.0,36.0,39
12,Indie,PC,Não,28.41,20.9,75.4,19.0,48
13,Estratégia,Console,Não,23.73,12.4,39.8,37.0,33
14,Indie,Console,Não,8.86,73.7,100.0,10.0,150
15,RPG,Mobile,Sim,0.0,4.6,39.4,22.0,10
16,Ação,PC,Não,22.62,13.8,,22.0,29
17,Estratégia,PC,Não,38.39,23.0,65.3,33.0,57
18,Ação,Mobile,Sim,0.0,22.0,79.8,34.0,50
19,Indie,PC,Não,22.22,12.3,72.1,32.0,26
20,Estratégia,PC,Sim,0.0,3.1,52.9,16.0,12
21,Esporte,PC,Não,51.5,5.4,55.0,,22
22,RPG,Console,Não,29.57,18.0,58.3,29.0,40
23,Indie,Mobile,Não,30.58,2.2,63.4,13.0,12
24,Indie,Console,Não,55.42,24.1,65.6,11.0,49
25,Esporte,Console,Não,49.1,34.2,68.1,32.0,78
26,Ação,PC,Sim,0.0,27.1,76.1,24.0,62
27,RPG,PC,Sim,0.0,30.8,65.4,16.0,76
28,Ação,Console,Não,16.16,2.3,53.4,24.0,12
29,Ação,PC,Não,13.43,12.7,63.6,28.0,27
30,Esporte,PC,Não,37.96,6.7,53.2,24.0,19
31,Esporte,PC,Não,27.18,3.7,52.8,14.0,11
32,Indie,PC,Sim,0.0,10.7,75.2,38.0,26
33,RPG,Console,Sim,0.0,42.2,78.5,32.0,89
34,RPG,Console,Sim,0.0,49.9,81.7,23.0,108
35,RPG,PC,Não,23.76,7.5,,23.0,14
36,Ação,Console,Não,9.09,16.5,69.0,28.0,44
37,Ação,Console,Não,33.69,20.7,58.1,17.0,67
38,RPG,Console,Sim,0.0,12.8,66.5,27.0,31
39,Ação,Mobile,Sim,0.0,35.8,78.8,16.0,88
40,Esporte,PC,Não,40.8,10.9,45.4,25.0,23
41,RPG,Mobile,Não,19.03,9.4,76.8,17.0,14
42,Indie,PC,Não,40.08,7.9,72.9,17.0,22
43,Esporte,PC,Não,10.61,12.7,55.4,37.0,27
44,RPG,PC,Não,13.77,0.7,45.3,25.0,6
45,Indie,Console,Não,29.96,13.2,65.0,26.0,36
46,Indie,PC,Não,6.72,17.2,52.5,11.0,35
47,RPG,PC,Não,23.99,18.0,78.1,21.0,57
48,Ação,Console,Não,13.3,6.3,54.6,28.0,13
49,Esporte,PC,Não,26.07,17.8,80.3,26.0,36
50,Ação,PC,Sim,0.0,17.5,58.1,10.0,44
51,Ação,PC,Não,31.64,17.8,64.7,26.0,43
52,Ação,PC,Sim,0.0,27.4,,28.0,66
53,Esporte,PC,Não,56.84,6.1,55.8,34.0,15
54,Esporte,PC,Não,24.63,12.9,65.2,20.0,28
55,Esporte,PC,Não,15.47,2.9,66.6,10.0,9
56,Esporte,Console,Não,21.15,25.7,65.4,18.0,46
57,RPG,Mobile,Não,10.95,7.0,47.8,17.0,23
58,Estratégia,Console,Sim,0.0,30.4,60.1,30.0,59
59,Ação,Console,Sim,0.0,31.1,78.9,10.0,60
60,Ação,Mobile,Sim,0.0,13.9,66.8,22.0,36
61,Esporte,Mobile,Não,16.89,13.4,72.6,35.0,37
62,RPG,Console,Não,20.89,4.2,55.1,25.0,13
63,Estratégia,Mobile,Sim,0.0,16.1,51.8,31.0,39
64,Esporte,Mobile,Não,27.86,27.3,50.2,14.0,71
65,Estratégia,Console,Não,30.85,19.4,92.5,14.0,46
66,Estratégia,Console,Não,23.76,38.7,83.0,35.0,87
67,Estratégia,PC,Não,47.08,11.8,63.3,26.0,27
68,RPG,PC,Sim,0.0,11.7,64.5,26.0,25
69,Ação,Console,Não,44.33,7.4,46.6,17.0,20
70,RPG,Console,Não,33.89,55.9,81.4,26.0,85
71,Ação,PC,Sim,0.0,4.2,73.2,17.0,13
72,RPG,Console,Não,20.31,26.0,76.5,33.0,65
73,Indie,Console,Não,105.21,27.7,64.7,44.0,54
74,Ação,Mobile,Não,15.03,26.9,60.1,28.0,55
75,Ação,PC,Não,29.33,8.0,55.2,21.0,28
76,Ação,PC,Não,15.64,13.9,60.5,10.0,33
77,Ação,Console,Não,71.62,23.4,87.5,13.0,49
78,Esporte,Mobile,Não,41.77,9.6,59.1,36.0,21
79,Estratégia,Mobile,Não,16.33,12.4,51.7,18.0,37
80,Esporte,Mobile,Sim,0.0,9.7,60.3,22.0,21
81,Esporte,Mobile,Sim,0.0,16.9,67.5,30.0,32
82,RPG,PC,Sim,0.0,16.1,53.1,35.0,35
83,Indie,PC,Não,38.66,43.3,84.6,24.0,84
84,Ação,PC,Não,30.99,23.8,80.2,22.0,56
85,Ação,Console,Não,27.92,5.2,59.4,26.0,18
86,Ação,Mobile,Não,23.92,5.6,51.2,21.0,18
87,Esporte,PC,Sim,0.0,26.3,66.0,21.0,56
88,RPG,Console,Não,28.15,15.9,49.6,28.0,43
89,Ação,PC,Não,25.42,53.8,86.1,26.0,113
90,Estratégia,PC,Não,16.7,53.7,90.0,40.0,119
91,Ação,PC,Não,67.78,7.4,51.4,28.0,17
92,Esporte,PC,Não,13.06,19.6,84.2,33.0,45
93,RPG,Mobile,Não,31.71,5.7,65.6,18.0,22
94,RPG,PC,Não,20.24,26.0,54.5,29.0,51
95,RPG,Mobile,Não,70.51,47.4,67.5,20.0,107
96,Estratégia,Console,Sim,0.0,17.7,56.8,28.0,38
97,RPG,PC,Sim,0.0,11.4,76.0,30.0,33
98,Ação,PC,Não,13.71,21.1,75.7,25.0,45
99,Ação,Mobile,Sim,0.0,29.7,87.4,42.0,68
100,Indie,PC,Sim,0.0,29.8,73.0,35.0,64
101,Indie,Mobile,Não,18.41,11.5,60.0,33.0,27
102,Esporte,PC,Sim,0.0,9.4,49.4,30.0,22
103,Ação,Console,Não,28.34,18.9,,37.0,40
104,Indie,Mobile,Não,18.17,12.2,60.6,15.0,41
105,Esporte,PC,Não,10.05,35.8,74.4,35.0,69
106,Esporte,PC,Não,47.06,12.0,76.8,18.0,30
107,RPG,Mobile,Não,11.19,16.8,63.9,21.0,39
108,Ação,PC,Não,39.57,20.7,,29.0,48
109,Ação,PC,Sim,0.0,4.3,43.3,34.0,14
110,Indie,PC,Não,64.13,10.1,85.3,17.0,33
111,RPG,PC,Não,38.46,52.3,83.0,21.0,113
112,Ação,Console,Sim,0.0,28.9,78.7,26.0,62
113,RPG,Console,Não,14.15,11.9,69.9,24.0,29
114,Estratégia,PC,Não,35.28,26.0,66.1,31.0,53
115,Ação,Mobile,Não,20.96,35.5,83.7,49.0,66
116,Indie,PC,Não,22.16,13.4,70.9,28.0,35
117,Esporte,PC,Sim,0.0,27.9,65.3,20.0,55
118,Esporte,Console,Não,15.65,25.3,63.9,16.0,58
119,RPG,Mobile,Sim,0.0,5.8,58.9,23.0,17
120,Estratégia,PC,Sim,0.0,13.5,62.1,18.0,29
121,Estratégia,PC,Sim,0.0,44.1,94.0,28.0,94
122,Estratégia,Console,Não,22.29,51.3,92.1,28.0,118
123,Ação,Mobile,Não,20.63,29.0,71.8,22.0,69
124,RPG,PC,Não,8.64,9.8,66.3,39.0,30
125,Ação,PC,Sim,0.0,1.5,37.5,20.0,11
126,RPG,Console,Sim,0.0,8.7,54.7,24.0,21
127,RPG,PC,Não,22.58,5.0,60.6,29.0,12
128,Ação,PC,Sim,0.0,46.2,92.8,31.0,97
129,Ação,PC,Não,45.77,2.8,58.5,34.0,9
130,Estratégia,PC,Não,12.03,5.9,71.7,28.0,17
131,Ação,Console,Não,21.29,18.6,74.0,32.0,43
132,Indie,Mobile,Não,27.47,15.9,60.1,20.0,53
133,Estratégia,Console,Sim,0.0,42.7,79.4,31.0,97
134,RPG,Console,Sim,0.0,24.2,73.2,31.0,56
135,Estratégia,Mobile,Não,42.32,14.2,59.5,36.0,42
136,Ação,PC,Não,29.2,36.3,90.6,,74
137,Indie,PC,Não,71.99,11.6,52.0,19.0,21
138,RPG,Mobile,Sim,0.0,45.0,84.8,31.0,108
139,Esporte,PC,Não,24.42,7.7,66.2,10.0,18
140,Ação,Console,Não,30.56,15.4,61.4,28.0,30
141,RPG,Console,Não,14.17,1.9,51.3,32.0,7
142,RPG,PC,Sim,0.0,30.1,72.4,21.0,77
143,Indie,Console,Não,12.63,17.8,73.0,22.0,39
144,Estratégia,PC,Sim,0.0,45.0,77.5,17.0,122
145,RPG,PC,Não,46.28,13.1,53.2,21.0,39
146,Ação,Console,Não,28.89,4.3,67.9,22.0,22
147,RPG,PC,Não,8.07,22.1,71.9,20.0,37
148,Estratégia,Console,Não,13.73,10.3,70.3,20.0,21
149,RPG,Mobile,Não,34.43,27.2,78.2,23.0,63
150,Ação,Mobile,Sim,0.0,7.9,79.4,23.0,16
151,Indie,PC,Sim,0.0,39.8,88.9,38.0,91
152,Indie,PC,Não,51.71,16.8,58.6,22.0,47
153,Ação,PC,Não,26.63,14.3,67.8,27.0,34
154,Estratégia,PC,Sim,0.0,38.1,72.8,21.0,86
155,Ação,Mobile,Sim,0.0,30.4,69.2,21.0,56
156,Esporte,PC,Não,16.34,8.8,47.6,13.0,29
157,Ação,PC,Sim,0.0,29.8,70.3,14.0,69
158,Esporte,Mobile,Sim,0.0,25.7,75.3,17.0,66
159,Esporte,PC,Não,71.42,14.9,63.3,26.0,40
160,Esporte,PC,Não,64.98,28.1,62.0,33.0,59
161,Ação,PC,Não,30.44,39.7,65.1,12.0,81
162,Indie,Console,Não,32.38,15.2,83.1,21.0,27
163,Ação,Console,Sim,0.0,15.3,67.1,15.0,38
164,Ação,PC,Não,11.54,14.7,56.4,23.0,28
165,Estratégia,Mobile,Não,36.11,8.5,64.3,33.0,21
166,RPG,Mobile,Não,15.79,15.1,83.8,,44
167,Indie,Mobile,Sim,0.0,13.9,68.9,25.0,36
168,Indie,PC,Sim,0.0,13.3,37.9,35.0,45
169,RPG,PC,Sim,0.0,13.1,86.7,28.0,29
170,Indie,Mobile,Não,26.33,5.9,41.9,20.0,10
171,Ação,PC,Não,3.88,32.4,72.6,26.0,63
172,Estratégia,Console,Não,27.31,10.0,50.8,19.0,25
173,Ação,Console,Não,36.06,41.2,73.1,28.0,82
174,Indie,PC,Não,32.06,7.1,61.8,29.0,22
175,Ação,Console,Não,23.07,47.5,64.9,,88
176,Ação,Mobile,Sim,0.0,12.1,61.4,26.0,22
177,RPG,Console,Não,29.57,30.0,83.3,24.0,53
178,Indie,PC,Não,31.9,17.7,58.0,29.0,32
179,Indie,Mobile,Sim,0.0,5.2,45.6,31.0,12
180,Esporte,Console,Não,30.49,5.4,57.0,28.0,12
181,Indie,Console,Não,14.31,9.4,57.6,23.0,31
182,Indie,Mobile,Sim,0.0,11.6,56.6,32.0,23
183,Estratégia,Console,Não,18.43,15.6,53.7,19.0,30
184,RPG,PC,Sim,0.0,20.6,72.0,16.0,54
185,Esporte,PC,Sim,0.0,14.1,,10.0,37
186,Esporte,PC,Sim,0.0,19.8,57.3,25.0,32
187,RPG,Console,Não,26.82,22.1,59.9,19.0,51
188,Ação,Console,Não,53.14,13.6,64.4,28.0,31
189,Esporte,Console,Sim,0.0,25.4,61.6,11.0,69
190,Ação,PC,Sim,0.0,29.4,74.2,20.0,57
191,Indie,Console,Sim,0.0,22.5,81.7,28.0,52
192,Ação,Mobile,Sim,0.0,23.5,68.6,18.0,38
193,Ação,PC,Não,8.81,18.5,55.2,28.0,55
194,Indie,Console,Não,18.63,34.4,79.2,21.0,66
195,Ação,Console,Não,40.82,15.9,62.9,25.0,35
196,Ação,Console,Não,62.03,9.5,59.3,29.0,26
197,Estratégia,PC,Não,28.33,16.2,69.0,32.0,40
198,Indie,Console,Sim,0.0,5.2,64.3,26.0,11
199,Ação,Mobile,Sim,0.0,4.7,58.1,19.0,17
200,RPG,Console,Não,41.31,29.5,72.2,22.0,68
201,Esporte,Mobile,Não,19.77,41.6,98.5,29.0,75
202,Indie,Mobile,Não,29.91,12.4,73.2,18.0,30
203,Estratégia,PC,Não,49.82,29.7,80.3,24.0,73
204,Ação,Console,Não,76.27,2.4,57.6,22.0,8
205,Ação,Console,Não,38.3,22.6,59.5,24.0,56
206,Ação,Mobile,Não,25.19,15.9,74.7,18.0,39
207,Ação,PC,Sim,0.0,46.2,84.0,12.0,97
208,Esporte,PC,Sim,0.0,14.3,58.4,29.0,29
209,Ação,Mobile,Sim,0.0,6.6,56.8,32.0,21
210,Estratégia,PC,Sim,0.0,4.0,48.7,12.0,16
211,Esporte,Console,Não,13.0,16.2,74.2,28.0,44
212,Estratégia,PC,Não,53.42,18.5,72.2,33.0,44
213,Ação,Mobile,Não,12.38,13.6,64.8,29.0,37
214,Indie,Mobile,Não,18.93,30.2,72.7,22.0,55
215,Esporte,PC,Sim,0.0,38.7,72.1,18.0,67
216,Esporte,Console,Não,81.01,12.3,43.2,26.0,32
217,Ação,PC,Não,19.04,3.0,44.1,27.0,11
218,Ação,Console,Sim,0.0,19.9,60.3,26.0,45
219,Indie,Console,Sim,0.0,34.8,67.8,24.0,75
220,RPG,Mobile,Não,66.38,12.3,65.0,17.0,34
221,RPG,PC,Sim,0.0,23.5,76.4,28.0,45
222,RPG,PC,Não,13.44,6.2,57.6,28.0,8
223,Esporte,Console,Não,126.31,19.5,79.4,26.0,41
224,Indie,Console,Não,34.97,23.8,,26.0,47
225,Ação,Console,Sim,0.0,19.9,65.7,37.0,54
226,Indie,PC,Não,23.92,54.2,87.1,21.0,106
227,Ação,PC,Não,25.55,41.3,89.6,34.0,76
228,Estratégia,Mobile,Sim,0.0,26.5,71.9,20.0,62
229,Estratégia,PC,Não,73.97,32.7,75.8,33.0,62
230,Ação,PC,Não,30.97,19.4,51.7,34.0,37
231,Ação,Mobile,Não,17.75,15.4,56.1,23.0,33
232,RPG,PC,Sim,0.0,11.3,71.6,37.0,20
233,Indie,Console,Não,16.14,6.1,40.0,28.0,15
234,Estratégia,PC,Sim,0.0,42.6,92.6,19.0,93
235,Indie,Mobile,Sim,0.0,55.6,92.9,22.0,97
236,Indie,Console,Sim,0.0,16.5,58.2,33.0,49
237,RPG,Mobile,Não,14.33,16.7,57.5,31.0,33
238,Esporte,PC,Sim,0.0,24.4,86.7,18.0,51
239,Ação,Console,Não,29.6,14.3,76.3,24.0,34
240,Ação,Console,Não,11.95,6.8,58.0,26.0,24
241,Indie,PC,Não,3.72,5.1,59.3,21.0,17
242,Esporte,PC,Não,13.11,54.3,81.8,42.0,126
243,Ação,PC,Não,18.48,3.4,58.3,27.0,13
244,Estratégia,Mobile,Sim,0.0,20.4,61.2,25.0,55
245,Estratégia,Console,Sim,0.0,3.9,56.6,33.0,10
246,Indie,Console,Não,16.98,14.9,80.2,22.0,36
247,Estratégia,Console,Não,41.62,12.2,61.5,32.0,23
248,RPG,Console,Não,24.25,4.6,48.3,13.0,11
249,RPG,Console,Não,23.92,25.0,57.7,22.0,49
250,RPG,PC,Não,14.86,6.4,60.0,32.0,16
251,Esporte,Console,Não,23.68,4.0,,36.0,18
252,Indie,PC,Não,15.5,27.0,73.4,20.0,55
253,RPG,Mobile,Sim,0.0,12.3,47.8,19.0,43
254,Ação,Mobile,Não,21.29,8.7,66.4,29.0,21
255,Ação,PC,Sim,0.0,28.1,62.3,21.0,40
256,Esporte,Console,Não,44.48,6.1,59.1,23.0,17
257,Indie,PC,Sim,0.0,3.0,53.8,31.0,8
258,Ação,Mobile,Não,18.75,37.0,92.7,21.0,70
259,Ação,Mobile,Não,26.77,49.4,86.2,11.0,94
260,Estratégia,Mobile,Sim,0.0,14.6,81.3,16.0,34
261,Ação,PC,Sim,0.0,14.4,68.7,25.0,22
262,Indie,PC,Não,25.59,29.2,85.3,12.0,86
263,RPG,PC,Sim,0.0,34.6,73.9,23.0,72
264,Ação,PC,Não,13.92,6.8,62.2,15.0,13
265,Indie,PC,Não,9.27,12.8,73.6,36.0,24
266,Ação,PC,Sim,0.0,19.3,74.7,40.0,55
267,Ação,Mobile,Sim,0.0,28.1,76.6,18.0,50
268,Ação,PC,Não,16.17,26.1,67.7,27.0,56
269,Ação,PC,Não,111.32,23.2,67.5,18.0,47
270,Ação,Mobile,Sim,0.0,34.5,85.9,23.0,89
271,Ação,Console,Não,53.66,15.4,76.4,38.0,42
272,Ação,Console,Não,39.53,42.8,75.3,22.0,100
273,Ação,Console,Não,74.57,10.3,,23.0,25
274,Estratégia,Mobile,Não,15.3,26.4,62.7,18.0,77
275,Esporte,Console,Não,5.28,11.6,69.4,33.0,25
276,RPG,Console,Não,18.77,14.7,55.5,10.0,30
277,RPG,Console,Não,34.29,16.5,72.3,22.0,32
278,Estratégia,PC,Não,26.87,11.0,66.5,25.0,27
279,Indie,PC,Não,28.94,35.5,71.4,20.0,69
280,Indie,Console,Sim,0.0,12.0,76.3,31.0,32
281,Ação,PC,Não,30.85,15.9,51.4,33.0,33
282,Ação,Console,Sim,0.0,24.3,84.5,15.0,53
283,Ação,PC,Sim,0.0,69.8,99.7,40.0,142
284,Ação,PC,Sim,0.0,24.9,51.3,15.0,59
285,Estratégia,PC,Sim,0.0,17.0,79.5,34.0,43
286,RPG,Mobile,Não,26.06,2.5,65.2,26.0,11
287,Ação,PC,Não,16.88,14.5,59.8,21.0,28
288,RPG,Console,Não,16.9,9.5,52.0,22.0,23
289,Estratégia,Mobile,Sim,0.0,12.6,48.4,25.0,28
290,Ação,PC,Não,16.03,11.4,83.6,26.0,22
291,Indie,Console,Não,11.36,24.1,61.1,19.0,54
292,Ação,PC,Não,9.97,14.2,52.1,23.0,38
293,Indie,PC,Não,21.82,7.7,62.0,20.0,20
294,Ação,Console,Não,17.19,30.1,58.3,16.0,82
295,Indie,Mobile,Não,47.67,5.5,49.5,,10
296,Indie,PC,Não,29.25,16.4,73.8,17.0,29
297,Indie,Console,Não,28.77,14.5,67.9,,37
298,Indie,PC,Não,15.71,20.9,64.1,28.0,39
299,Esporte,Console,Não,22.81,34.7,76.0,26.0,87
300,Estratégia,Console,Sim,0.0,76.7,97.0,39.0,173
301,Esporte,Console,Não,37.7,17.0,64.6,10.0,40
302,Ação,Console,Não,23.19,9.4,53.8,28.0,20
303,Estratégia,PC,Sim,0.0,8.7,55.0,25.0,28
304,Estratégia,Console,Não,24.65,8.6,54.7,31.0,19
305,Indie,Console,Não,39.48,20.3,,30.0,31
306,RPG,Console,Sim,0.0,1.9,65.5,24.0,8
307,RPG,PC,Sim,0.0,5.2,65.1,26.0,18
308,Estratégia,PC,Sim,0.0,20.3,58.8,20.0,40
309,Ação,PC,Não,37.91,31.1,62.9,29.0,80
310,Ação,PC,Sim,0.0,31.2,72.3,12.0,67
311,RPG,PC,Não,31.6,17.6,85.0,30.0,43
312,RPG,PC,Não,19.9,28.4,62.8,25.0,72
313,Ação,Console,Não,15.12,35.1,74.6,22.0,73
314,RPG,PC,Não,34.16,11.9,62.9,23.0,34
315,RPG,Mobile,Sim,0.0,32.8,73.7,24.0,68
316,RPG,Console,Sim,0.0,3.7,53.1,34.0,3
317,RPG,Console,Não,47.73,5.1,68.5,48.0,7
318,Esporte,Console,Sim,0.0,12.4,66.5,34.0,32
319,Ação,Console,Sim,0.0,3.2,64.5,21.0,7
320,Indie,Console,Não,65.49,24.4,74.9,29.0,49
321,Indie,Mobile,Sim,0.0,10.5,69.3,30.0,22
322,RPG,Console,Não,19.79,14.6,78.0,19.0,25
323,RPG,Console,Não,29.15,15.1,76.0,16.0,39
324,Estratégia,Console,Não,26.92,12.2,83.2,,30
325,Indie,Console,Não,4.72,8.6,71.1,31.0,22
326,Esporte,PC,Não,14.24,23.5,63.1,14.0,51
327,Indie,Console,Não,23.8,10.3,68.8,20.0,33
328,Estratégia,Console,Não,19.81,14.9,70.3,29.0,35
329,Estratégia,Mobile,Não,28.45,21.0,84.9,25.0,56
330,Ação,Console,Sim,0.0,35.0,67.3,35.0,77
331,Esporte,Console,Não,20.23,33.1,79.9,15.0,65
332,Ação,Mobile,Sim,0.0,11.1,55.5,41.0,23
333,Esporte,Console,Sim,0.0,8.2,64.5,14.0,20
334,Indie,PC,Sim,0.0,39.8,76.9,11.0,96
335,Ação,PC,Não,22.34,10.3,65.5,25.0,33
336,Estratégia,PC,Não,20.59,22.9,56.0,17.0,38
337,Ação,PC,Não,94.17,3.0,63.9,25.0,14
338,Esporte,PC,Não,6.4,1.8,57.9,24.0,4
339,Ação,Console,Sim,0.0,17.0,66.6,24.0,34
340,Indie,Console,Não,24.48,13.4,80.6,19.0,25
341,Ação,PC,Não,15.35,27.1,67.8,28.0,42
342,Indie,Console,Não,42.09,8.7,63.3,23.0,28
343,Indie,PC,Sim,0.0,19.9,67.8,33.0,49
344,Estratégia,Mobile,Sim,0.0,26.1,72.4,,54
345,Esporte,PC,Não,20.86,9.0,80.4,18.0,25
346,Esporte,Console,Não,22.94,12.4,63.0,13.0,37
347,Indie,PC,Não,23.04,6.1,53.6,24.0,11
348,Ação,Console,Não,23.41,27.8,88.5,16.0,59
349,Estratégia,PC,Não,21.92,23.8,66.5,16.0,55
350,Ação,Console,Não,28.54,25.0,55.6,29.0,56
351,Estratégia,PC,Sim,0.0,13.4,56.4,13.0,26
352,Ação,Mobile,Sim,0.0,23.5,57.9,35.0,50
353,Estratégia,Console,Sim,0.0,14.3,47.4,26.0,38
354,Estratégia,Console,Não,8.59,44.3,78.3,25.0,96
355,RPG,Mobile,Não,41.26,16.0,64.0,18.0,46
356,Estratégia,Mobile,Não,28.51,31.8,84.7,30.0,53
357,Esporte,PC,Não,33.22,13.4,68.7,25.0,27
358,Esporte,PC,Não,10.41,38.3,83.2,20.0,83
359,RPG,PC,Não,71.59,8.2,51.9,26.0,25
360,Estratégia,PC,Não,17.03,21.7,76.0,13.0,46
361,Indie,Console,Não,27.14,9.6,73.3,14.0,20
362,Ação,Mobile,Não,40.96,19.3,70.1,17.0,37
363,Ação,Mobile,Não,13.57,10.3,65.0,27.0,28
364,Ação,Console,Não,17.68,15.9,53.2,25.0,32
365,Esporte,Console,Não,27.32,11.6,71.4,32.0,28
366,RPG,Mobile,Não,136.25,25.5,86.3,19.0,44
367,Esporte,Mobile,Não,29.39,22.4,71.3,29.0,40
368,Esporte,PC,Não,64.32,9.3,55.2,24.0,16
369,RPG,Console,Sim,0.0,9.1,59.0,18.0,22
370,Indie,Mobile,Não,30.59,7.6,55.8,,20
371,Esporte,PC,Não,13.55,6.3,55.5,25.0,12
372,Ação,PC,Sim,0.0,26.7,76.9,21.0,49
373,RPG,Mobile,Não,9.99,7.2,61.8,25.0,16
374,RPG,Mobile,Sim,0.0,20.5,76.3,24.0,43
375,Ação,Mobile,Não,27.66,10.8,,24.0,29
376,Ação,Console,Não,5.0,31.2,65.9,22.0,62
377,Indie,PC,Sim,0.0,51.4,81.3,16.0,113
378,RPG,PC,Não,36.32,0.4,50.2,26.0,6
379,RPG,Console,Não,21.28,8.1,58.2,19.0,24
380,Esporte,Console,Não,37.68,10.6,77.5,18.0,25
381,Estratégia,Console,Sim,0.0,13.7,80.8,23.0,34
382,Indie,Console,Não,11.21,13.1,70.4,30.0,33
383,Esporte,PC,Não,23.5,5.0,59.1,26.0,13
384,RPG,Console,Não,25.0,52.1,74.0,21.0,107
385,RPG,PC,Sim,0.0,13.5,65.1,21.0,33
386,Indie,PC,Não,51.23,22.3,61.3,29.0,43
387,Esporte,PC,Não,14.73,22.8,83.4,10.0,47
388,Indie,PC,Não,29.6,4.0,42.9,31.0,16
389,Ação,Mobile,Não,25.55,12.1,65.7,12.0,26
390,Indie,PC,Sim,0.0,26.7,63.2,15.0,64
391,Estratégia,PC,Sim,0.0,39.9,78.9,21.0,90
392,Ação,Console,Não,24.71,12.3,68.4,40.0,29
393,Estratégia,Console,Não,80.54,4.8,67.1,37.0,14
394,Esporte,PC,Sim,0.0,9.9,60.4,30.0,24
395,Ação,PC,Não,8.71,11.9,69.0,27.0,29
396,RPG,PC,Não,3.8,11.5,55.9,12.0,26
397,Indie,Console,Sim,0.0,7.6,61.8,26.0,16
398,Ação,PC,Sim,0.0,4.3,66.6,21.0,15
399,RPG,PC,Não,48.66,6.0,61.6,19.0,13
400,RPG,PC,Não,14.46,10.0,56.2,26.0,20
401,RPG,Console,Sim,0.0,26.4,68.3,22.0,53
402,Indie,PC,Não,40.76,33.5,84.2,31.0,78
403,Esporte,Mobile,Não,18.76,17.2,55.5,11.0,37
404,Ação,PC,Não,19.0,6.2,50.2,26.0,13
405,Indie,Console,Não,24.91,10.5,66.7,19.0,19
406,Indie,PC,Não,33.97,1.9,52.2,22.0,6
407,Ação,PC,Não,24.32,40.4,66.2,27.0,82
408,Indie,PC,Sim,0.0,9.2,72.7,17.0,30
409,Ação,Mobile,Não,18.59,21.0,57.7,26.0,52
410,Indie,Mobile,Sim,0.0,31.9,72.3,24.0,70
411,Esporte,PC,Não,80.33,47.9,78.2,20.0,95
412,Esporte,PC,Sim,0.0,28.4,69.4,22.0,45
413,Ação,Mobile,Não,17.44,11.5,53.9,24.0,31
414,Indie,Console,Sim,0.0,23.0,75.2,20.0,41
415,Ação,PC,Sim,0.0,46.8,84.1,25.0,114
416,Ação,PC,Sim,0.0,9.1,69.3,23.0,28
417,Ação,Console,Não,24.28,4.1,52.0,21.0,16
418,Esporte,Console,Não,23.95,7.7,78.8,36.0,17
419,Ação,Console,Sim,0.0,22.0,51.1,28.0,60
420,Indie,Mobile,Não,5.96,11.7,47.8,22.0,22
421,Esporte,Console,Não,75.83,14.8,79.7,26.0,39
422,Ação,PC,Não,22.46,24.6,74.0,18.0,44
423,Ação,Console,Não,34.76,7.5,62.6,22.0,21
424,Ação,PC,Não,10.73,14.3,67.5,23.0,31
425,Estratégia,PC,Sim,0.0,10.3,66.3,16.0,27
426,Indie,PC,Não,16.39,45.5,85.0,28.0,95
427,Ação,PC,Sim,0.0,27.8,63.0,21.0,46
428,Indie,Console,Não,17.26,11.8,69.4,23.0,33
429,Ação,PC,Não,38.66,11.3,67.7,21.0,23
430,Indie,PC,Não,16.61,49.0,97.3,46.0,103
431,Indie,Console,Não,18.7,46.4,98.7,20.0,102
432,Esporte,Console,Não,21.17,21.9,71.1,11.0,25
433,Esporte,Console,Não,53.0,15.3,53.1,14.0,33
434,Indie,Mobile,Sim,0.0,5.1,74.0,30.0,24
435,Ação,Console,Sim,0.0,7.7,50.5,34.0,21
436,Ação,PC,Não,7.63,4.7,60.9,20.0,17
437,Ação,Console,Não,12.78,32.8,72.4,34.0,66
438,Estratégia,Console,Não,15.08,5.2,54.2,30.0,11
439,Esporte,PC,Sim,0.0,11.1,68.5,24.0,29
440,Estratégia,PC,Não,15.79,2.4,58.6,23.0,12
441,Indie,PC,Sim,0.0,3.7,61.8,26.0,14
442,Ação,Console,Sim,0.0,25.4,62.9,31.0,76
443,Esporte,PC,Sim,0.0,19.5,65.1,28.0,44
444,Ação,PC,Não,31.25,15.8,,20.0,39
445,Ação,Mobile,Não,27.45,11.3,60.0,24.0,32
446,Esporte,Mobile,Não,13.44,3.2,55.9,39.0,14
447,Indie,PC,Não,9.76,10.1,77.7,27.0,28
448,Estratégia,Mobile,Não,12.39,13.6,60.8,31.0,32
449,Ação,PC,Não,23.9,24.2,50.4,29.0,48
450,Estratégia,Mobile,Não,41.3,31.6,86.5,27.0,57
451,Ação,Mobile,Não,42.16,26.0,,26.0,59
452,Indie,PC,Não,35.82,19.4,65.5,31.0,39
453,Esporte,Console,Sim,0.0,15.6,60.4,30.0,37
454,Ação,Mobile,Sim,0.0,18.1,57.3,27.0,44
455,Ação,Mobile,Não,20.23,9.6,78.2,20.0,32
456,Ação,Mobile,Não,21.74,16.6,65.4,28.0,41
457,Indie,Console,Não,83.29,13.6,47.5,25.0,31
458,RPG,PC,Não,8.52,62.1,95.2,23.0,139
459,Esporte,Mobile,Sim,0.0,18.4,76.9,44.0,35
460,Estratégia,Console,Não,50.76,1.8,57.5,14.0,6
461,Estratégia,Console,Não,10.18,10.8,53.4,32.0,27
462,Ação,PC,Não,16.67,12.4,53.5,19.0,30
463,Indie,Console,Sim,0.0,28.4,63.8,26.0,70
464,RPG,PC,Sim,0.0,20.1,80.8,43.0,47
465,Estratégia,Console,Não,9.42,19.4,,18.0,50
466,Esporte,PC,Não,35.06,37.5,62.4,20.0,72
467,Estratégia,Console,Não,36.59,46.5,86.4,25.0,101
468,Indie,Mobile,Não,33.28,25.4,71.5,19.0,53
469,Ação,Console,Não,14.55,11.5,57.9,31.0,14
470,Estratégia,Console,Não,25.84,11.8,52.9,21.0,30
471,RPG,PC,Não,14.3,34.3,66.0,30.0,83
472,RPG,Mobile,Não,20.09,11.8,71.9,16.0,40
473,Ação,Console,Não,89.31,14.8,66.1,12.0,33
474,Ação,PC,Não,25.98,10.6,65.7,23.0,19
475,Ação,PC,Não,12.03,6.1,60.9,14.0,12
476,RPG,PC,Não,27.34,59.0,93.3,36.0,134
477,RPG,Console,Não,10.9,14.9,59.7,14.0,28
478,Estratégia,Mobile,Não,11.95,41.1,77.8,18.0,80
479,Estratégia,Console,Não,13.14,11.9,72.6,28.0,41
480,RPG,PC,Não,18.79,9.2,73.3,21.0,22
481,RPG,Mobile,Não,43.04,23.9,58.3,14.0,48
482,Ação,PC,Não,34.71,31.5,72.0,39.0,73
483,Estratégia,Mobile,Não,33.58,32.9,82.3,18.0,79
484,RPG,PC,Não,12.69,13.5,80.0,24.0,34
485,Ação,Console,Não,17.73,25.7,86.5,24.0,64
486,RPG,Mobile,Não,28.88,10.0,53.8,30.0,24
487,RPG,PC,Não,16.83,16.5,76.4,28.0,42
488,Ação,Console,Não,20.76,12.5,63.0,19.0,34
489,Estratégia,Mobile,Sim,0.0,11.0,71.0,23.0,25
490,Estratégia,PC,Não,19.9,17.0,72.3,23.0,44
491,Esporte,PC,Não,28.1,5.9,47.2,30.0,21
492,Estratégia,Console,Sim,0.0,29.8,77.8,17.0,67
493,Esporte,PC,Não,22.13,11.1,70.7,39.0,29
494,RPG,PC,Não,49.78,28.8,72.1,20.0,66
495,Esporte,Console,Sim,0.0,7.1,57.0,25.0,22
496,Estratégia,Console,Não,10.17,11.0,47.5,17.0,26
497,RPG,PC,Não,12.66,5.9,64.7,16.0,13
498,Estratégia,PC,Não,14.88,5.7,60.3,19.0,18
499,RPG,Mobile,Não,14.69,8.0,51.5,18.0,20
500,Estratégia,Console,Não,23.24,7.2,56.4,22.0,19
501,Esporte,Mobile,Não,35.47,6.0,60.0,18.0,16
502,Indie,PC,Não,52.1,15.6,59.3,30.0,39
503,Indie,Mobile,Sim,0.0,23.6,69.2,20.0,43
504,Estratégia,Console,Não,18.78,24.5,54.0,19.0,47
505,Estratégia,PC,Não,7.03,2.9,68.9,22.0,7
506,Esporte,Mobile,Não,25.59,12.4,62.6,32.0,25
507,RPG,Console,Não,24.91,11.5,52.0,27.0,20
508,Indie,PC,Não,27.38,37.9,55.6,24.0,75
509,RPG,PC,Não,86.81,12.8,71.9,15.0,28
510,Ação,Console,Sim,0.0,14.7,68.8,17.0,31
511,Ação,PC,Não,39.29,4.2,59.4,16.0,10
512,Indie,PC,Não,13.77,7.8,67.5,34.0,20
513,Ação,PC,Não,18.03,3.9,65.1,29.0,18
514,Ação,PC,Não,23.18,16.4,66.6,19.0,33
515,RPG,PC,Não,15.41,38.7,75.9,21.0,73
516,Ação,Console,Não,33.12,8.0,56.0,19.0,18
517,RPG,PC,Não,30.39,12.9,66.5,19.0,28
518,Esporte,PC,Sim,0.0,7.3,72.0,28.0,24
519,Ação,Console,Não,50.3,9.4,59.7,23.0,22
520,Indie,PC,Não,26.09,16.6,78.2,40.0,40
521,Indie,Console,Não,8.69,51.1,89.0,34.0,103
522,RPG,PC,Não,23.79,37.5,,34.0,73
523,Ação,PC,Sim,0.0,44.9,100.0,30.0,110
524,Estratégia,PC,Não,43.98,29.0,87.3,22.0,62
525,Ação,Console,Não,20.04,12.7,77.7,29.0,19
526,RPG,PC,Não,40.32,11.4,54.7,23.0,37
527,Indie,Mobile,Sim,0.0,8.1,79.6,36.0,17
528,Indie,PC,Sim,0.0,12.6,61.8,28.0,29
529,Esporte,Console,Não,10.5,39.1,76.4,27.0,86
530,RPG,Console,Não,48.11,38.8,58.8,26.0,82
531,Esporte,PC,Sim,0.0,63.7,96.2,37.0,133
532,Esporte,Console,Sim,0.0,17.6,55.8,15.0,43
533,RPG,PC,Não,60.19,5.1,61.7,38.0,10
534,Estratégia,PC,Sim,0.0,22.5,58.0,24.0,59
535,Ação,PC,Não,36.97,51.5,100.0,,109
536,Ação,Console,Não,14.2,42.6,85.5,20.0,92
537,Estratégia,Mobile,Sim,0.0,10.4,,13.0,15
538,Ação,PC,Não,33.84,5.6,49.2,30.0,19
539,Ação,Console,Sim,0.0,5.4,72.2,18.0,14
540,Indie,Console,Não,16.43,8.5,43.9,26.0,25
541,Indie,PC,Não,28.62,9.7,62.7,,18
542,Estratégia,Console,Não,9.0,12.0,56.5,20.0,28
543,Indie,Console,Não,37.33,24.6,65.7,23.0,55
544,Indie,Mobile,Sim,0.0,11.7,57.4,16.0,37
545,Ação,Mobile,Não,30.64,15.9,56.3,22.0,37
546,RPG,PC,Não,17.94,3.6,45.8,43.0,15
547,RPG,PC,Não,20.93,8.1,55.9,30.0,26
548,Ação,Console,Não,15.58,7.8,60.7,23.0,20
549,Esporte,PC,Sim,0.0,3.0,67.3,21.0,20
550,RPG,PC,Não,76.22,11.4,64.5,25.0,30
551,RPG,Mobile,Não,56.32,3.7,67.7,26.0,8
552,Ação,PC,Não,30.35,10.8,48.2,22.0,25
553,Ação,Console,Não,24.16,16.8,61.2,29.0,47
554,Indie,Mobile,Não,40.71,39.6,85.2,18.0,89
555,Ação,PC,Sim,0.0,7.4,62.5,18.0,24
556,Ação,Console,Não,14.91,16.5,57.1,28.0,31
557,Ação,Mobile,Não,23.42,9.0,68.8,17.0,25
558,RPG,Console,Não,8.22,3.4,52.3,30.0,9
559,Estratégia,PC,Não,48.13,39.9,71.9,25.0,82
560,RPG,PC,Não,84.69,17.4,69.8,12.0,38
561,Ação,Mobile,Não,25.74,21.7,68.1,26.0,39
562,Ação,PC,Não,6.86,44.2,76.8,13.0,96
563,Indie,Console,Não,35.35,10.8,56.5,30.0,25
564,Estratégia,PC,Sim,0.0,4.9,48.3,23.0,16
565,Estratégia,PC,Não,16.48,7.3,55.8,38.0,21
566,Esporte,Mobile,Não,35.73,4.4,67.5,32.0,8
567,Esporte,Console,Não,28.58,32.7,76.8,,69
568,Ação,Mobile,Não,18.3,52.8,95.3,11.0,99
569,RPG,PC,Não,16.61,16.7,69.7,20.0,35
570,Estratégia,Console,Não,26.46,25.1,64.5,16.0,60
571,RPG,Mobile,Não,19.19,29.8,58.0,38.0,61
572,Indie,PC,Sim,0.0,46.2,74.4,25.0,104
573,RPG,PC,Não,20.09,51.4,79.8,32.0,119
574,Esporte,Mobile,Não,30.08,2.3,49.6,23.0,13
575,Indie,PC,Não,22.05,9.3,69.4,24.0,18
576,Estratégia,Console,Não,10.51,15.3,72.9,25.0,23
577,Indie,Mobile,Não,44.41,8.3,79.9,33.0,26
578,Estratégia,PC,Sim,0.0,12.2,55.4,27.0,30
579,Indie,PC,Não,18.77,20.7,81.8,18.0,47
580,RPG,PC,Sim,0.0,20.3,81.5,36.0,50
581,RPG,PC,Não,26.81,29.2,70.4,23.0,66
582,Estratégia,PC,Não,34.36,15.6,68.6,22.0,40
583,Ação,Console,Não,48.23,1.0,66.8,10.0,7
584,RPG,PC,Não,16.0,11.4,61.3,29.0,25
585,Indie,Console,Não,34.88,19.3,65.4,26.0,53
586,Estratégia,PC,Não,27.59,30.6,67.7,26.0,63
587,Ação,PC,Não,8.79,27.6,50.3,22.0,63
588,RPG,PC,Não,76.73,14.0,64.0,21.0,31
589,Ação,Console,Não,10.35,8.8,53.9,22.0,17
590,Ação,Console,Sim,0.0,14.5,54.0,28.0,26
591,Indie,PC,Não,31.0,2.7,60.4,29.0,6
592,RPG,Mobile,Não,28.94,9.5,47.6,23.0,22
593,RPG,Console,Não,18.23,34.5,83.0,32.0,63
594,Estratégia,PC,Sim,0.0,14.5,68.1,24.0,29
595,Ação,Mobile,Sim,0.0,19.9,63.3,21.0,50
596,Ação,PC,Não,23.58,4.2,57.0,26.0,16
597,Esporte,PC,Não,17.49,30.5,62.6,15.0,79
598,Estratégia,Console,Não,16.34,13.5,69.9,27.0,34
599,Indie,PC,Não,31.73,19.4,,14.0,40
600,Estratégia,PC,Não,46.83,22.5,70.9,18.0,41
601,RPG,Console,Sim,0.0,29.7,77.3,11.0,75
602,Esporte,PC,Sim,0.0,17.3,59.6,24.0,28
603,Indie,Mobile,Não,25.28,13.7,49.5,36.0,36
604,Esporte,Mobile,Sim,0.0,5.2,66.7,24.0,16
605,Indie,Console,Não,21.01,3.9,63.5,30.0,15
606,Esporte,Console,Sim,0.0,17.0,60.4,41.0,33
607,Indie,Console,Sim,0.0,19.5,70.4,28.0,44
608,Ação,Mobile,Sim,0.0,21.8,79.4,20.0,51
609,Esporte,PC,Sim,0.0,7.5,69.7,21.0,28
610,RPG,PC,Sim,0.0,9.6,55.7,25.0,32
611,Estratégia,Console,Não,9.11,16.8,51.7,21.0,44
612,Esporte,Console,Não,31.65,10.6,49.5,21.0,22
613,Indie,PC,Não,15.04,67.1,92.5,32.0,141
614,Indie,Console,Não,29.41,9.4,73.8,32.0,27
615,Ação,PC,Não,39.2,20.4,,13.0,44
616,Esporte,Mobile,Não,11.44,27.1,65.9,19.0,49
617,Esporte,PC,Não,10.52,28.2,66.4,22.0,74
618,RPG,PC,Sim,0.0,10.4,56.5,29.0,30
619,Ação,PC,Não,30.29,22.6,68.5,33.0,49
620,Ação,PC,Não,19.08,20.6,55.8,44.0,40
621,Esporte,PC,Não,14.01,23.3,78.7,22.0,41
622,RPG,PC,Sim,0.0,16.6,63.7,22.0,31
623,Indie,PC,Não,12.01,27.2,93.6,29.0,50
624,RPG,PC,Não,41.68,18.1,55.3,20.0,34
625,Indie,PC,Não,15.39,4.7,72.1,24.0,14
626,RPG,PC,Não,47.28,17.7,78.1,22.0,43
627,Esporte,PC,Não,19.29,19.3,62.9,10.0,47
628,Ação,PC,Não,13.12,25.9,67.0,26.0,52
629,Estratégia,PC,Não,19.0,17.0,56.9,24.0,33
630,Indie,PC,Sim,0.0,46.9,75.0,34.0,94
631,Indie,PC,Sim,0.0,14.1,63.5,25.0,37
632,Indie,Console,Não,22.15,10.0,61.2,16.0,27
633,Ação,Mobile,Não,40.24,37.6,63.1,23.0,57
634,RPG,Mobile,Não,7.91,13.8,83.9,10.0,25
635,Ação,Console,Não,49.26,15.9,62.2,17.0,36
636,Ação,Console,Sim,0.0,19.3,67.2,29.0,43
637,Esporte,PC,Não,52.0,18.1,60.2,23.0,39
638,Esporte,Console,Sim,0.0,23.2,66.5,31.0,59
639,Esporte,Console,Não,45.08,24.9,66.7,11.0,51
640,Indie,Mobile,Não,10.15,9.3,60.6,23.0,24
641,Esporte,Mobile,Sim,0.0,5.7,58.3,22.0,16
642,Indie,PC,Sim,0.0,6.3,66.0,32.0,16
643,Ação,Console,Não,9.11,34.8,77.9,30.0,75
644,Ação,Mobile,Sim,0.0,12.9,69.1,29.0,38
645,Estratégia,PC,Sim,0.0,26.9,71.1,36.0,57
646,Indie,Mobile,Não,14.96,25.3,72.3,22.0,52
647,Ação,PC,Não,30.74,15.9,62.4,34.0,30
648,Estratégia,Mobile,Não,8.29,7.4,68.5,18.0,14
649,Esporte,Console,Sim,0.0,25.8,73.4,17.0,58
650,Ação,PC,Não,55.89,15.5,62.9,30.0,38
651,RPG,Console,Sim,0.0,5.3,56.5,14.0,13
652,Indie,PC,Sim,0.0,10.7,60.4,29.0,26
653,Esporte,Console,Não,24.49,3.5,57.4,26.0,12
654,Ação,Console,Sim,0.0,11.1,61.2,33.0,29
655,Indie,Console,Não,31.55,16.5,59.9,25.0,51
656,RPG,Mobile,Sim,0.0,14.3,70.5,25.0,32
657,Indie,PC,Sim,0.0,13.0,70.3,29.0,31
658,Ação,PC,Não,15.82,16.4,80.9,20.0,40
659,Estratégia,PC,Não,25.0,22.2,62.9,20.0,48
660,RPG,PC,Sim,0.0,28.4,78.0,28.0,62
661,Ação,PC,Sim,0.0,31.0,56.4,25.0,59
662,Indie,PC,Não,19.42,8.4,67.5,22.0,18
663,Ação,PC,Não,25.63,33.1,61.8,24.0,63
664,Ação,PC,Não,25.04,15.5,55.4,36.0,30
665,RPG,Mobile,Sim,0.0,11.9,65.1,22.0,25
666,Esporte,PC,Não,39.69,6.5,53.3,22.0,17
667,Indie,Mobile,Sim,0.0,21.1,60.8,13.0,43
668,Indie,PC,Sim,0.0,20.5,62.9,25.0,44
669,Ação,PC,Não,20.55,9.9,67.5,30.0,26
670,RPG,Console,Não,30.41,10.1,52.7,31.0,29
671,Ação,PC,Não,6.88,13.9,62.9,26.0,33
672,Estratégia,PC,Não,41.87,11.7,58.6,32.0,17
673,Indie,Console,Sim,0.0,8.1,67.2,30.0,19
674,Esporte,PC,Não,51.01,5.9,66.2,33.0,15
675,Estratégia,PC,Não,18.41,33.4,58.5,32.0,74
676,RPG,Console,Não,23.82,10.6,70.8,36.0,31
677,Indie,PC,Não,77.34,20.4,61.7,24.0,44
678,RPG,Mobile,Não,20.77,23.4,71.2,16.0,57
679,Ação,PC,Sim,0.0,21.2,59.3,30.0,41
680,RPG,Mobile,Sim,0.0,24.2,72.9,30.0,55
681,Ação,Console,Não,31.48,21.0,90.6,36.0,62
682,Ação,Mobile,Sim,0.0,9.1,61.6,34.0,18
683,Ação,Mobile,Não,40.8,12.2,58.2,39.0,26
684,RPG,PC,Não,16.26,32.8,72.6,29.0,69
685,Estratégia,Console,Sim,0.0,10.4,48.0,27.0,32
686,RPG,PC,Sim,0.0,15.5,77.3,15.0,36
687,RPG,Mobile,Não,26.05,22.2,71.1,27.0,48
688,Indie,Console,Não,21.49,40.9,70.1,21.0,91
689,Esporte,PC,Não,37.57,30.8,64.3,26.0,59
690,Estratégia,Mobile,Não,53.67,7.1,59.4,25.0,14
691,Ação,PC,Sim,0.0,20.0,75.4,28.0,47
692,Indie,Console,Não,15.79,18.4,55.7,24.0,41
693,Ação,Console,Sim,0.0,12.3,,32.0,36
694,RPG,PC,Não,82.95,15.8,63.7,10.0,40
695,Indie,Console,Não,29.45,9.1,,26.0,30
696,Estratégia,Mobile,Não,32.72,13.7,59.0,33.0,31
697,Esporte,PC,Sim,0.0,10.5,77.0,38.0,24
698,Estratégia,Console,Sim,0.0,16.7,52.5,30.0,28
699,Esporte,PC,Sim,0.0,12.0,55.6,37.0,34
700,Ação,Console,Não,21.08,43.0,89.4,26.0,78
701,Ação,PC,Não,46.78,17.1,67.2,25.0,33
702,RPG,Mobile,Sim,0.0,14.8,56.8,29.0,29
703,Ação,Mobile,Não,13.9,13.1,71.5,25.0,34
704,Indie,PC,Não,13.29,12.0,71.3,20.0,28
705,Ação,PC,Sim,0.0,5.3,61.2,21.0,17
706,Estratégia,Console,Sim,0.0,26.9,65.6,17.0,66
707,Esporte,Console,Não,45.85,37.6,73.4,29.0,84
708,Esporte,PC,Não,22.62,10.3,63.7,25.0,25
709,RPG,PC,Não,25.08,32.7,62.8,22.0,63
710,RPG,PC,Não,15.03,66.6,100.0,21.0,129
711,Indie,Mobile,Não,41.85,51.6,100.0,29.0,119
712,Esporte,Console,Não,19.53,36.5,74.8,30.0,93
713,Indie,Mobile,Não,20.99,6.0,61.8,17.0,16
714,Indie,Console,Não,35.35,5.9,69.2,16.0,13
715,Esporte,Mobile,Não,21.92,24.2,87.1,32.0,41
716,Ação,PC,Não,21.31,15.6,78.4,15.0,45
717,Estratégia,PC,Não,24.69,2.1,40.6,29.0,5
718,Ação,Mobile,Não,39.54,11.3,58.9,36.0,23
719,Esporte,Mobile,Não,65.88,23.4,73.5,36.0,56
720,Indie,PC,Não,34.86,13.8,58.8,30.0,37
721,Estratégia,PC,Não,39.73,15.7,80.5,30.0,33
722,RPG,Console,Não,21.76,5.9,73.2,41.0,13
723,Ação,PC,Não,16.04,11.2,54.4,10.0,28
724,Indie,PC,Não,36.32,24.2,68.1,22.0,47
725,Ação,Mobile,Não,27.19,10.8,54.7,31.0,20
726,Ação,PC,Não,10.45,34.4,73.9,23.0,64
727,Ação,Console,Não,20.15,15.9,62.5,34.0,38
728,Ação,PC,Sim,0.0,21.0,76.2,25.0,46
729,RPG,PC,Não,18.06,23.9,61.3,26.0,70
730,Estratégia,Console,Não,59.68,23.2,45.4,23.0,52
731,RPG,PC,Não,32.72,6.9,44.7,21.0,21
732,Ação,Console,Não,55.92,8.0,50.5,21.0,22
733,Ação,PC,Não,28.73,2.1,50.4,27.0,10
734,RPG,Mobile,Não,25.76,12.2,64.0,20.0,40
735,Ação,Console,Sim,0.0,7.5,49.8,32.0,12
736,Esporte,Mobile,Não,24.71,10.5,50.4,30.0,28
737,Ação,PC,Sim,0.0,13.2,54.6,33.0,27
738,RPG,PC,Não,10.8,17.5,55.5,17.0,37
739,RPG,PC,Não,17.75,14.0,58.4,13.0,32
740,RPG,Console,Não,20.21,13.8,57.9,25.0,35
741,Ação,PC,Sim,0.0,19.9,73.1,45.0,47
742,Ação,PC,Sim,0.0,15.2,55.2,34.0,31
743,Indie,PC,Não,17.31,28.2,68.7,21.0,52
744,Ação,PC,Não,32.5,15.2,59.2,28.0,37
745,Estratégia,PC,Sim,0.0,41.1,86.9,30.0,91
746,RPG,PC,Não,4.39,6.7,57.6,15.0,10
747,RPG,PC,Sim,0.0,12.0,71.7,35.0,29
748,RPG,Console,Não,46.87,9.2,50.1,24.0,25
749,Esporte,PC,Não,8.94,18.0,65.4,24.0,47
750,Indie,PC,Sim,0.0,6.7,53.8,25.0,20
751,Ação,Console,Sim,0.0,4.3,46.5,33.0,22
752,RPG,Console,Não,15.54,7.8,59.1,20.0,23
753,Ação,PC,Não,24.56,4.6,73.4,13.0,21
754,RPG,Console,Não,11.22,13.3,55.3,27.0,26
755,Esporte,Mobile,Não,65.13,17.5,64.4,11.0,42
756,Ação,Console,Não,23.34,3.7,45.4,23.0,10
757,RPG,Mobile,Sim,0.0,11.5,48.8,33.0,31
758,Indie,Console,Sim,0.0,30.8,66.4,29.0,56
759,Ação,PC,Não,36.48,36.8,73.0,32.0,68
760,RPG,PC,Sim,0.0,25.6,66.7,29.0,57
761,Esporte,Console,Não,16.64,1.2,53.7,42.0,12
762,Ação,Mobile,Não,33.01,16.3,49.9,21.0,36
763,Ação,Console,Sim,0.0,33.2,69.3,28.0,76
764,Ação,PC,Sim,0.0,10.6,65.9,22.0,31
765,Indie,Console,Sim,0.0,5.4,46.0,32.0,16
766,Ação,PC,Não,10.09,31.5,70.7,25.0,68
767,Ação,Console,Não,64.7,34.7,78.5,37.0,69
768,Ação,Console,Não,27.28,15.1,57.0,21.0,44
769,Ação,Console,Não,14.25,5.5,61.4,35.0,14
770,Estratégia,Mobile,Não,16.13,3.2,43.2,29.0,11
771,Ação,Console,Não,7.9,19.3,74.6,25.0,49
772,Estratégia,Console,Não,12.68,9.3,63.9,29.0,26
773,Estratégia,Console,Não,45.14,14.4,64.1,27.0,33
774,Indie,Mobile,Não,93.6,13.3,73.1,27.0,29
775,Ação,Mobile,Não,37.93,7.5,56.5,24.0,23
776,Indie,PC,Não,23.21,3.1,51.3,20.0,11
777,Estratégia,Console,Não,18.93,10.8,73.8,23.0,30
778,Ação,PC,Sim,0.0,16.8,81.6,13.0,48
779,Esporte,Mobile,Não,84.42,17.4,59.2,31.0,51
780,Indie,Console,Não,21.91,8.8,59.3,16.0,24
781,Ação,PC,Sim,0.0,34.2,84.9,23.0,64
782,Indie,PC,Não,56.61,6.0,57.9,30.0,19
783,RPG,PC,Não,8.63,29.2,77.9,31.0,59
784,Estratégia,Console,Sim,0.0,16.4,71.9,,30
785,Indie,PC,Não,16.42,10.9,56.5,24.0,26
786,RPG,PC,Não,23.38,21.1,71.4,28.0,43
787,Indie,Mobile,Não,23.66,12.7,,25.0,33
788,RPG,Console,Sim,0.0,4.2,46.6,34.0,11
789,Esporte,PC,Não,12.85,5.6,49.5,19.0,20
790,Estratégia,PC,Não,28.15,12.1,56.4,11.0,33
791,Ação,Mobile,Sim,0.0,9.8,69.2,31.0,25
792,RPG,Console,Não,24.51,28.7,80.9,21.0,68
793,RPG,Console,Sim,0.0,9.4,67.4,13.0,26
794,Ação,PC,Sim,0.0,9.0,64.4,24.0,28
795,Ação,PC,Não,26.15,8.0,63.5,34.0,16
796,RPG,PC,Não,33.34,7.5,62.0,16.0,16
797,Ação,Console,Não,29.86,7.7,63.3,41.0,16
798,Ação,PC,Não,34.54,4.9,62.2,19.0,15
799,Esporte,PC,Não,57.26,16.9,52.5,26.0,34
800,Esporte,Console,Sim,0.0,13.5,56.0,16.0,36
801,Esporte,Mobile,Sim,0.0,13.1,53.6,25.0,26
802,RPG,Console,Sim,0.0,3.4,67.0,24.0,6
803,Indie,Console,Não,17.12,19.8,81.8,15.0,66
804,Estratégia,Console,Sim,0.0,21.2,48.2,45.0,51
805,Ação,PC,Sim,0.0,39.8,93.0,22.0,70
806,Ação,PC,Sim,0.0,20.4,68.0,22.0,54
807,Esporte,Console,Não,13.99,45.1,91.2,32.0,116
808,Ação,PC,Não,12.03,8.6,64.7,38.0,17
809,Estratégia,Console,Não,9.11,41.2,92.7,33.0,90
810,Indie,Mobile,Não,21.31,20.9,69.4,17.0,35
811,Ação,Mobile,Não,10.16,19.1,54.2,26.0,40
812,Ação,PC,Sim,0.0,12.8,61.7,12.0,28
813,Indie,PC,Não,19.37,10.9,66.2,31.0,20
814,Estratégia,PC,Sim,0.0,9.2,58.6,,28
815,Ação,PC,Não,30.81,42.2,86.2,19.0,84
816,Indie,PC,Não,38.25,12.5,61.9,25.0,28
817,Indie,PC,Não,17.64,21.2,62.4,28.0,49
818,Estratégia,Console,Sim,0.0,24.4,59.9,23.0,59
819,Estratégia,Console,Não,33.87,24.2,66.0,36.0,44
820,Ação,Mobile,Não,15.98,17.0,67.0,30.0,36
821,Ação,PC,Não,15.34,40.7,61.8,30.0,74
822,Estratégia,PC,Não,50.29,20.0,60.0,16.0,40
823,Ação,PC,Não,41.7,9.0,42.4,37.0,13
824,Esporte,PC,Sim,0.0,11.3,56.2,19.0,32
825,Indie,PC,Não,42.75,3.6,67.9,37.0,15
826,Ação,Mobile,Não,7.49,18.3,55.3,39.0,42
827,Estratégia,PC,Sim,0.0,22.4,74.8,29.0,46
828,Ação,PC,Não,31.04,23.8,94.9,32.0,59
829,Indie,Console,Não,44.99,20.9,80.6,10.0,42
830,Ação,Console,Não,30.95,12.9,63.9,24.0,24
831,Estratégia,Console,Não,25.26,14.7,71.5,33.0,37
832,Estratégia,PC,Não,20.8,14.8,51.6,31.0,37
833,RPG,Mobile,Não,30.58,28.8,58.1,16.0,53
834,Esporte,PC,Não,20.35,2.3,56.6,23.0,9
835,Esporte,PC,Sim,0.0,10.3,64.8,10.0,24
836,Estratégia,Console,Não,9.47,6.3,68.6,28.0,23
837,Esporte,Mobile,Não,17.73,51.7,80.9,12.0,109
838,Indie,PC,Sim,0.0,32.6,76.3,33.0,64
839,RPG,Console,Não,16.85,10.6,62.8,33.0,28
840,Estratégia,PC,Sim,0.0,4.4,56.5,22.0,9
841,Ação,PC,Não,14.45,5.6,57.7,29.0,16
842,Esporte,PC,Não,30.01,28.5,64.4,23.0,53
843,Estratégia,Console,Não,15.77,3.5,59.6,27.0,10
844,RPG,PC,Não,21.95,14.9,65.7,17.0,33
845,Ação,Console,Não,40.83,25.5,66.3,29.0,49
846,Indie,PC,Não,16.13,5.1,,14.0,16
847,RPG,Mobile,Não,39.38,14.8,73.1,12.0,40
848,Esporte,Mobile,Não,40.18,10.8,67.6,24.0,28
849,Ação,PC,Sim,0.0,9.7,51.4,24.0,40
850,Indie,PC,Sim,0.0,8.4,60.9,27.0,24
851,Ação,PC,Não,171.53,26.9,62.9,20.0,45
852,Ação,Mobile,Sim,0.0,37.3,78.2,38.0,81
853,Indie,PC,Não,29.81,12.1,54.1,26.0,37
854,Indie,Console,Não,14.5,19.2,78.0,27.0,36
855,Ação,PC,Não,23.14,15.1,71.1,26.0,43
856,RPG,Console,Sim,0.0,2.7,67.0,32.0,12
857,Esporte,Console,Não,68.42,11.7,71.5,29.0,21
858,Indie,Console,Não,59.56,2.2,53.9,28.0,9
859,RPG,Mobile,Não,39.3,10.1,57.2,30.0,31
860,Estratégia,PC,Sim,0.0,14.5,79.4,12.0,33
861,Esporte,Mobile,Não,32.86,24.1,68.0,12.0,61
862,Esporte,PC,Sim,0.0,18.0,53.6,24.0,32
863,Esporte,Console,Não,10.05,27.4,80.5,24.0,62
864,Estratégia,Mobile,Não,28.32,7.3,,29.0,21
865,Ação,Console,Não,33.58,34.2,,25.0,70
866,Indie,Console,Não,42.18,37.3,79.6,29.0,86
867,Indie,PC,Não,33.06,2.0,56.0,16.0,8
868,Esporte,PC,Sim,0.0,3.3,70.7,25.0,12
869,Ação,PC,Não,13.59,14.2,49.7,16.0,29
870,Ação,Console,Não,23.03,9.5,55.4,28.0,25
871,Esporte,Console,Não,9.93,10.7,53.4,12.0,21
872,Ação,PC,Sim,0.0,17.8,45.9,27.0,55
873,Indie,PC,Sim,0.0,28.1,79.7,15.0,64
874,RPG,PC,Sim,0.0,7.0,54.2,22.0,11
875,Esporte,PC,Não,41.41,31.3,81.9,31.0,69
876,Indie,PC,Não,47.7,8.3,63.5,27.0,21
877,RPG,Mobile,Sim,0.0,56.2,94.2,13.0,112
878,RPG,Console,Não,34.96,34.4,71.5,20.0,81
879,Estratégia,PC,Sim,0.0,9.0,53.5,14.0,26
880,Estratégia,Console,Não,8.1,4.5,58.5,13.0,15
881,RPG,Mobile,Não,26.42,8.8,68.6,26.0,23
882,Estratégia,PC,Não,18.49,7.9,59.3,29.0,17
883,Indie,PC,Não,18.84,22.1,61.9,28.0,44
884,RPG,PC,Não,80.25,2.1,45.5,29.0,10
885,Ação,PC,Não,9.82,3.4,58.9,25.0,13
886,RPG,Console,Sim,0.0,21.6,63.0,23.0,54
887,RPG,Mobile,Não,13.51,7.6,58.9,17.0,23
888,Ação,PC,Não,42.31,10.2,59.0,22.0,20
889,Ação,Console,Não,29.34,25.4,66.2,16.0,53
890,Esporte,PC,Sim,0.0,28.9,75.0,19.0,60
891,RPG,Console,Sim,0.0,33.3,80.0,26.0,81
892,Indie,Console,Não,15.5,23.9,87.0,24.0,39
893,Ação,PC,Não,42.79,12.5,69.3,46.0,30
894,Ação,PC,Não,70.99,11.8,76.4,16.0,34
895,Esporte,Console,Não,32.73,10.7,54.1,24.0,28
896,Indie,Mobile,Não,14.32,5.1,43.7,15.0,12
897,Ação,PC,Não,30.07,6.8,59.0,22.0,18
898,Ação,PC,Não,105.27,30.5,,23.0,58
899,Ação,PC,Sim,0.0,8.2,66.2,31.0,20
900,Estratégia,Console,Sim,0.0,5.2,69.0,22.0,14
901,RPG,Console,Sim,0.0,32.2,51.5,24.0,70
902,Ação,Console,Não,23.92,17.1,76.5,22.0,43
903,Ação,Console,Não,35.58,42.8,83.7,15.0,90
904,RPG,Mobile,Não,31.14,39.8,65.0,20.0,87
905,Indie,Mobile,Não,15.49,5.6,64.9,22.0,15
906,Esporte,PC,Não,15.09,13.6,64.7,26.0,30
907,RPG,Console,Não,44.39,6.3,62.2,29.0,14
908,Ação,PC,Não,50.15,6.3,67.8,,13
909,Ação,PC,Não,60.78,10.5,65.2,23.0,25
910,Ação,Mobile,Não,72.41,22.5,55.2,13.0,49
911,Esporte,Console,Não,26.6,22.6,67.3,29.0,40
912,Indie,Mobile,Não,20.35,20.7,52.9,20.0,33
913,Indie,PC,Não,55.18,12.5,68.3,30.0,29
914,Indie,Console,Não,37.63,23.5,81.7,34.0,49
915,Indie,Console,Não,13.61,5.1,46.9,24.0,13
916,Indie,PC,Não,13.19,17.3,59.3,18.0,31
917,Ação,PC,Não,32.96,14.8,55.9,25.0,37
918,Ação,Console,Não,22.06,11.9,58.1,27.0,28
919,RPG,PC,Não,24.15,17.8,69.4,23.0,46
920,Estratégia,Mobile,Não,46.69,6.4,54.9,21.0,10
921,Ação,PC,Sim,0.0,21.3,73.7,29.0,55
922,Indie,PC,Não,54.48,14.6,73.3,28.0,32
923,Estratégia,Console,Não,7.7,3.7,67.1,23.0,9
924,Estratégia,PC,Não,28.56,14.3,53.5,13.0,35
925,Ação,Mobile,Sim,0.0,9.6,73.2,28.0,25
926,Ação,Console,Não,9.82,31.0,86.8,20.0,84
927,Ação,PC,Não,16.56,5.5,72.3,27.0,26
928,Indie,Console,Não,14.82,5.6,56.9,26.0,21
929,Estratégia,Console,Sim,0.0,19.4,59.9,12.0,46
930,Esporte,Console,Não,65.15,12.9,53.9,26.0,24
931,Ação,Mobile,Não,82.56,12.4,52.5,29.0,25
932,RPG,Console,Não,15.05,56.4,88.9,29.0,132
933,RPG,Console,Não,33.65,23.1,76.5,26.0,58
934,Esporte,PC,Sim,0.0,11.2,73.5,11.0,26
935,Esporte,Console,Não,30.96,3.2,52.5,34.0,13
936,Ação,Mobile,Sim,0.0,10.8,61.1,28.0,30
937,Indie,Console,Não,29.44,4.9,57.0,17.0,10
938,Ação,Console,Não,67.53,6.8,53.4,19.0,23
939,Indie,PC,Não,47.54,7.0,65.8,27.0,21
940,Ação,Console,Sim,0.0,29.3,75.8,30.0,70
941,Ação,Mobile,Sim,0.0,4.0,58.7,22.0,13
942,Indie,PC,Sim,0.0,27.4,74.7,31.0,51
943,Ação,PC,Sim,0.0,20.0,72.5,12.0,43
944,RPG,Console,Não,48.37,19.8,72.3,18.0,37
945,RPG,Console,Sim,0.0,6.6,51.4,11.0,21
946,Ação,Console,Não,27.67,24.9,78.0,,60
947,Esporte,PC,Sim,0.0,5.9,60.8,36.0,15
948,Indie,PC,Sim,0.0,37.7,73.7,39.0,68
949,Indie,Console,Não,23.38,29.8,75.0,27.0,52
950,RPG,Console,Sim,0.0,42.0,83.3,21.0,71
951,Estratégia,Console,Não,12.04,14.9,73.7,23.0,41
952,Ação,Console,Não,58.0,12.9,53.3,28.0,43
953,Ação,Console,Não,33.2,10.5,73.2,14.0,28
954,Ação,Console,Não,24.1,55.6,88.6,21.0,117
955,Indie,Console,Sim,0.0,22.4,63.9,35.0,43
956,Indie,Console,Não,29.3,5.0,53.2,18.0,17
957,Esporte,Console,Não,44.47,34.8,66.9,20.0,63
958,Estratégia,PC,Não,14.94,12.5,46.8,25.0,35
959,RPG,PC,Sim,0.0,0.8,61.6,27.0,4
960,Estratégia,Console,Não,41.3,7.8,77.5,21.0,18
961,Estratégia,Mobile,Não,7.68,29.8,58.3,26.0,69
962,RPG,Console,Sim,0.0,20.1,58.5,29.0,38
963,Ação,PC,Não,18.96,23.0,75.6,39.0,49
964,Ação,Console,Sim,0.0,34.6,75.3,24.0,98
965,Indie,PC,Não,18.16,2.7,64.1,25.0,10
966,RPG,Console,Sim,0.0,7.9,58.8,36.0,24
967,Indie,Mobile,Não,77.8,15.2,58.9,21.0,34
968,Ação,Console,Sim,0.0,30.4,71.2,16.0,79
969,Estratégia,Console,Não,29.23,5.9,37.1,27.0,16
970,Ação,PC,Sim,0.0,11.2,51.4,33.0,35
971,Ação,PC,Não,17.64,14.4,72.2,28.0,40
972,Ação,Mobile,Sim,0.0,7.6,70.3,24.0,17
973,Ação,Console,Não,24.61,14.3,76.2,15.0,27
974,Indie,Console,Sim,0.0,12.8,66.6,25.0,30
975,RPG,PC,Sim,0.0,9.4,40.3,34.0,30
976,Estratégia,PC,Sim,0.0,24.9,64.2,16.0,45
977,RPG,PC,Sim,0.0,21.9,80.1,23.0,49
978,RPG,PC,Sim,0.0,25.7,85.0,22.0,56
979,Estratégia,PC,Não,25.67,27.2,83.6,20.0,51
980,Ação,Mobile,Não,42.03,3.6,55.0,27.0,13
981,Indie,Console,Sim,0.0,4.0,45.6,28.0,9
982,Indie,PC,Não,20.29,23.4,68.7,28.0,39
983,Esporte,PC,Não,21.11,10.1,,18.0,20
984,RPG,PC,Sim,0.0,9.1,74.6,13.0,21
985,Ação,Mobile,Não,51.17,8.0,61.9,27.0,26
986,Indie,PC,Sim,0.0,26.3,70.9,21.0,58
987,RPG,Console,Sim,0.0,53.3,87.6,38.0,109
988,Ação,Mobile,Não,30.8,27.1,74.9,38.0,57
989,RPG,PC,Não,61.35,9.7,66.5,39.0,25
990,Esporte,Console,Não,48.79,25.4,63.7,18.0,61
991,Estratégia,Mobile,Não,11.58,3.9,47.8,29.0,13
992,Esporte,PC,Não,20.94,12.2,74.7,31.0,35
993,Esporte,PC,Sim,0.0,2.7,41.9,30.0,17
994,Ação,Mobile,Não,20.89,10.1,75.8,23.0,27
995,Indie,Mobile,Sim,0.0,16.4,47.6,34.0,39
996,RPG,Console,Sim,0.0,59.8,85.6,25.0,130
997,Estratégia,Console,Sim,0.0,32.1,83.0,26.0,71
998,Ação,PC,Não,14.92,2.7,56.6,14.0,12
999,Indie,Mobile,Não,29.15,3.0,45.0,30.0,10
1000,Ação,Console,Sim,0.0,7.6,63.4,23.0,23
1001,Ação,PC,Não,31.9,45.6,83.0,28.0,104
1002,RPG,Console,Não,49.67,2.9,54.8,27.0,6
1003,Ação,Mobile,Não,8.52,8.0,54.2,26.0,17
1004,Ação,Mobile,Sim,0.0,8.0,59.5,25.0,15
1005,Estratégia,PC,Não,20.34,19.4,61.4,31.0,40
1006,RPG,PC,Sim,0.0,25.8,92.4,24.0,77
1007,Indie,Mobile,Não,11.09,22.0,66.0,15.0,59
1008,RPG,Mobile,Sim,0.0,17.5,62.1,29.0,45
1009,Esporte,Console,Sim,0.0,3.7,52.3,19.0,11
1010,RPG,Console,Não,49.08,15.5,80.3,16.0,40
1011,Esporte,Console,Sim,0.0,35.3,61.4,18.0,75
1012,Estratégia,PC,Sim,0.0,43.4,84.3,27.0,88
1013,RPG,PC,Não,12.79,19.0,64.2,24.0,37
1014,Indie,PC,Sim,0.0,2.8,43.9,10.0,7
1015,RPG,PC,Não,39.11,19.2,59.1,22.0,46
1016,Ação,Mobile,Não,53.11,12.8,65.5,33.0,29
1017,Esporte,PC,Sim,0.0,3.3,49.2,22.0,9
1018,Indie,PC,Não,42.79,5.6,60.7,24.0,22
1019,Ação,Console,Sim,0.0,6.6,74.5,32.0,16
1020,RPG,PC,Não,9.15,23.5,70.6,31.0,48
1021,Indie,PC,Sim,0.0,42.1,67.2,32.0,97
1022,Esporte,Console,Sim,0.0,21.0,60.0,10.0,50
1023,Indie,PC,Não,21.01,24.0,66.8,37.0,52
1024,Estratégia,Console,Não,11.86,13.5,59.9,29.0,32
1025,Esporte,Mobile,Não,43.2,9.0,61.8,42.0,25
1026,RPG,PC,Não,11.94,21.4,70.7,20.0,50
1027,Indie,Mobile,Não,22.04,17.6,,13.0,53
1028,RPG,Mobile,Não,23.95,7.1,59.2,25.0,14
1029,Esporte,Mobile,Não,37.69,16.8,54.7,23.0,40
1030,RPG,Console,Não,16.84,14.2,73.9,30.0,27
1031,Estratégia,Console,Não,16.27,11.1,73.0,33.0,24
1032,Esporte,Console,Não,26.03,8.7,62.3,24.0,26
1033,Estratégia,Console,Não,44.87,19.0,64.2,23.0,36
1034,Indie,PC,Não,96.78,9.2,66.1,29.0,26
1035,RPG,Mobile,Sim,0.0,53.4,85.1,23.0,129
1036,Estratégia,Console,Não,29.64,20.5,48.8,23.0,33
1037,RPG,Console,Não,12.78,19.2,71.6,32.0,38
1038,RPG,PC,Não,45.21,12.4,70.5,34.0,29
1039,RPG,PC,Não,13.97,10.3,74.1,33.0,25
1040,Ação,Console,Não,16.37,2.1,49.7,24.0,5
1041,Ação,Console,Não,17.23,7.5,61.5,10.0,11
1042,Esporte,PC,Não,23.44,2.7,58.9,24.0,11
1043,Esporte,PC,Sim,0.0,2.7,57.4,,14
1044,Esporte,PC,Não,32.79,4.8,58.9,24.0,11
1045,Ação,Console,Não,24.45,32.8,,20.0,69
1046,RPG,PC,Sim,0.0,32.7,76.5,25.0,61
1047,Ação,Mobile,Sim,0.0,7.7,66.3,18.0,18
1048,Esporte,PC,Sim,0.0,3.6,68.1,16.0,11
1049,Indie,PC,Não,49.26,10.0,54.2,34.0,23
1050,Ação,PC,Não,16.04,23.3,67.4,18.0,55
1051,Esporte,Console,Não,9.38,28.3,68.2,25.0,54
1052,Ação,Console,Não,24.04,16.6,59.9,32.0,33
1053,Ação,Console,Não,53.39,18.8,51.7,31.0,37
1054,Ação,Mobile,Não,27.02,17.5,65.7,31.0,43
1055,Ação,PC,Não,21.76,2.9,61.1,27.0,8
1056,Esporte,Console,Não,14.55,4.0,56.0,30.0,16
1057,Indie,PC,Sim,0.0,43.3,80.9,35.0,79
1058,Ação,PC,Não,13.23,16.5,68.7,28.0,40
1059,Estratégia,Console,Não,15.88,1.5,68.6,12.0,6
1060,Esporte,PC,Não,34.54,19.6,63.0,21.0,46
1061,Indie,Console,Não,8.06,6.3,48.2,30.0,14
1062,Estratégia,Console,Não,52.71,29.9,72.1,21.0,59
1063,Ação,Console,Sim,0.0,27.8,88.6,36.0,56
1064,Estratégia,Console,Não,42.08,22.4,58.0,25.0,48
1065,RPG,Console,Sim,0.0,16.4,70.7,26.0,38
1066,Indie,PC,Não,22.27,35.0,86.4,33.0,76
1067,RPG,PC,Sim,0.0,37.4,56.2,24.0,76
1068,Esporte,PC,Não,22.55,6.4,62.5,,18
1069,Ação,Console,Não,13.67,22.2,73.8,31.0,48
1070,RPG,Mobile,Sim,0.0,8.8,57.9,15.0,25
1071,Indie,PC,Não,39.81,5.6,52.5,23.0,16
1072,Estratégia,Console,Não,59.51,37.4,72.1,31.0,74
1073,RPG,Console,Não,30.66,24.8,66.9,25.0,44
1074,Indie,Mobile,Sim,0.0,17.4,62.7,35.0,30
1075,Indie,Console,Sim,0.0,7.0,54.8,14.0,24
1076,RPG,Console,Não,18.41,38.1,74.8,13.0,76
1077,Estratégia,Console,Não,32.6,6.2,69.4,30.0,12
1078,RPG,Mobile,Não,19.46,5.0,47.1,31.0,7
1079,Estratégia,PC,Sim,0.0,14.3,47.8,24.0,36
1080,RPG,Mobile,Não,12.98,23.3,79.8,28.0,52
1081,Ação,PC,Não,14.45,10.8,59.8,30.0,28
1082,Indie,Mobile,Sim,0.0,16.2,61.2,19.0,43
1083,Indie,PC,Não,41.76,8.7,59.2,20.0,22
1084,Indie,PC,Não,13.58,9.6,62.6,26.0,24
1085,Indie,PC,Não,36.69,46.6,78.2,31.0,91
1086,Esporte,PC,Não,17.82,13.2,67.5,17.0,21
1087,Esporte,PC,Não,24.78,36.5,68.2,24.0,84
1088,Esporte,PC,Não,57.41,2.6,53.8,23.0,7
1089,RPG,Console,Sim,0.0,30.4,53.3,28.0,71
1090,RPG,PC,Sim,0.0,7.3,69.9,25.0,14
1091,Ação,Console,Sim,0.0,25.3,68.6,21.0,58
1092,Estratégia,Mobile,Não,16.08,7.3,,34.0,22
1093,Ação,Console,Não,13.58,10.2,65.4,21.0,36
1094,Ação,PC,Sim,0.0,5.4,63.2,23.0,11
1095,Estratégia,PC,Sim,0.0,25.6,70.3,14.0,47
1096,RPG,Mobile,Não,5.97,28.5,75.6,20.0,72
1097,Ação,PC,Não,21.66,7.5,50.8,29.0,14
1098,Indie,PC,Não,17.69,3.4,46.5,27.0,11
1099,Indie,Mobile,Não,39.26,36.2,75.8,29.0,76
1100,Ação,Mobile,Não,30.31,8.3,53.9,29.0,21
1101,Ação,PC,Sim,0.0,12.7,75.4,40.0,34
1102,RPG,Console,Não,34.95,6.4,62.2,20.0,15
1103,Esporte,Console,Não,37.86,23.9,62.9,14.0,47
1104,Indie,Console,Não,15.47,24.3,67.1,18.0,57
1105,Ação,PC,Não,18.25,40.3,80.4,20.0,94
1106,Esporte,PC,Sim,0.0,31.0,73.0,18.0,76
1107,Ação,Console,Não,12.75,29.5,75.1,26.0,61
1108,RPG,PC,Não,15.71,13.6,63.8,34.0,32
1109,Indie,Console,Não,25.65,12.3,49.9,36.0,36
1110,Ação,PC,Não,13.91,23.6,49.8,29.0,41
1111,Ação,Mobile,Não,18.03,13.0,59.4,40.0,32
1112,RPG,Mobile,Não,11.76,31.7,79.1,23.0,78
1113,Estratégia,Console,Não,27.19,6.0,55.3,14.0,13
1114,Indie,Console,Não,31.67,2.5,67.6,32.0,5
1115,Indie,PC,Não,31.23,21.7,67.6,12.0,50
1116,Ação,Console,Sim,0.0,9.3,72.8,20.0,15
1117,Ação,PC,Não,9.73,5.2,68.5,29.0,22
1118,Esporte,Mobile,Não,16.91,57.5,99.0,24.0,119
1119,Ação,Mobile,Não,19.21,14.6,52.9,24.0,43
1120,Indie,Mobile,Não,19.26,4.1,57.6,17.0,19
1121,Esporte,Mobile,Não,25.66,8.3,71.0,25.0,18
1122,Ação,Mobile,Não,57.7,11.5,64.4,,25
1123,Indie,PC,Não,39.94,21.4,72.8,25.0,43
1124,Ação,Mobile,Não,13.56,8.4,47.5,19.0,26
1125,RPG,Console,Não,36.86,12.8,79.9,16.0,23
1126,Estratégia,PC,Sim,0.0,17.9,58.6,19.0,45
1127,Estratégia,Console,Não,15.13,20.4,49.3,28.0,33
1128,Esporte,PC,Não,40.83,13.6,60.0,27.0,30
1129,Esporte,PC,Não,22.28,46.1,60.6,19.0,104
1130,Indie,PC,Não,10.53,24.1,59.7,10.0,44
1131,Indie,PC,Não,32.24,23.1,91.9,28.0,61
1132,Estratégia,Console,Não,27.94,22.5,65.1,19.0,54
1133,Ação,Mobile,Não,21.4,31.9,61.3,30.0,78
1134,Esporte,Console,Não,23.99,17.0,65.4,20.0,35
1135,Indie,Console,Não,15.94,5.9,50.5,18.0,14
1136,RPG,PC,Sim,0.0,19.7,74.6,26.0,47
1137,RPG,Console,Não,23.9,21.6,60.0,42.0,54
1138,RPG,PC,Não,27.11,35.3,78.6,30.0,76
1139,Ação,Mobile,Não,30.4,5.4,47.9,26.0,18
1140,Esporte,PC,Não,12.27,6.7,82.4,28.0,13
1141,RPG,Console,Não,14.35,15.0,68.5,13.0,34
1142,Esporte,Console,Não,6.51,23.0,67.5,17.0,59
1143,Indie,Console,Sim,0.0,4.5,55.1,10.0,15
1144,Indie,Mobile,Não,11.85,5.5,53.3,37.0,12
1145,RPG,PC,Não,26.56,27.0,64.4,36.0,62
1146,RPG,Mobile,Sim,0.0,4.6,50.7,28.0,25
1147,Esporte,Console,Sim,0.0,6.8,74.2,26.0,16
1148,Indie,Console,Não,11.91,28.2,66.9,14.0,61
1149,RPG,Console,Não,23.59,22.7,49.5,23.0,41
1150,Indie,Mobile,Não,66.83,8.5,49.6,38.0,25
1151,Ação,Mobile,Sim,0.0,20.9,75.9,26.0,48
1152,Indie,PC,Não,44.36,18.1,63.6,21.0,43
1153,Ação,Mobile,Não,30.04,13.2,61.7,13.0,28
1154,Ação,Console,Não,13.42,10.6,71.9,35.0,25
1155,Estratégia,Console,Não,37.76,20.3,60.2,25.0,35
1156,Ação,Mobile,Sim,0.0,5.1,63.8,13.0,11
1157,Ação,PC,Não,34.34,20.1,61.0,19.0,40
1158,Ação,Console,Sim,0.0,16.8,70.3,16.0,31
1159,RPG,PC,Não,22.11,17.8,62.2,24.0,45
1160,Esporte,PC,Sim,0.0,6.5,56.7,26.0,13
1161,Ação,Mobile,Não,28.44,35.9,83.9,21.0,85
1162,Esporte,PC,Sim,0.0,8.5,66.8,30.0,26
1163,Indie,PC,Não,17.33,9.7,59.3,26.0,24
1164,Ação,PC,Não,10.96,12.8,58.4,32.0,26
1165,Ação,Console,Não,65.03,22.7,83.0,22.0,48
1166,Indie,Mobile,Sim,0.0,17.4,70.7,46.0,39
1167,Indie,Mobile,Sim,0.0,3.2,53.4,21.0,7
1168,Estratégia,PC,Não,11.09,14.5,57.8,19.0,35
1169,Indie,Console,Não,15.43,15.4,73.5,18.0,34
1170,Ação,Console,Não,33.3,36.5,77.9,24.0,73
1171,RPG,Console,Não,54.85,11.4,,13.0,37
1172,Esporte,PC,Não,11.85,21.3,68.8,27.0,60
1173,Ação,PC,Não,22.77,75.1,100.0,12.0,143
1174,Esporte,Console,Sim,0.0,32.4,73.9,26.0,65
1175,Estratégia,Console,Não,41.21,6.2,69.6,16.0,9
1176,Esporte,Console,Não,19.96,24.9,81.3,22.0,46
1177,RPG,Console,Não,9.6,20.2,71.9,29.0,50
1178,RPG,Mobile,Não,35.61,11.1,74.0,41.0,21
1179,Ação,Console,Não,48.18,25.1,70.1,17.0,51
1180,Ação,PC,Não,23.35,6.1,64.9,24.0,15
1181,Esporte,Mobile,Não,31.29,8.6,69.2,20.0,25
1182,Ação,Mobile,Sim,0.0,12.9,71.9,19.0,26
1183,Ação,PC,Não,14.77,10.6,69.6,20.0,23
1184,Ação,Console,Não,45.42,23.2,74.6,31.0,48
1185,Ação,PC,Não,30.95,14.2,81.1,22.0,30
1186,Indie,Console,Não,32.92,9.8,56.0,41.0,25
1187,RPG,PC,Sim,0.0,32.0,,28.0,76
1188,Indie,Console,Sim,0.0,22.6,66.6,18.0,49
1189,Ação,PC,Sim,0.0,3.9,54.0,22.0,9
1190,Esporte,Console,Não,26.97,3.8,39.4,19.0,11
1191,RPG,Mobile,Sim,0.0,9.8,73.3,31.0,19
1192,RPG,PC,Não,39.25,4.4,48.4,14.0,11
1193,Indie,Mobile,Não,21.92,28.6,73.7,16.0,49
1194,Indie,Mobile,Não,13.52,9.0,47.6,21.0,19
1195,Indie,Mobile,Sim,0.0,21.3,73.4,30.0,51
1196,Ação,PC,Não,27.17,24.6,62.7,34.0,66
1197,Ação,Mobile,Sim,0.0,2.1,46.0,35.0,17
1198,Esporte,PC,Não,31.06,9.3,62.3,29.0,25
1199,Ação,PC,Sim,0.0,12.4,56.1,24.0,30
1200,Esporte,Mobile,Sim,0.0,17.9,60.6,31.0,31
1201,Estratégia,Console,Sim,0.0,27.5,73.0,17.0,58
1202,Estratégia,Console,Não,15.96,59.1,,12.0,121
1203,Indie,PC,Sim,0.0,43.1,73.5,28.0,92
1204,Esporte,Mobile,Não,20.09,14.0,54.5,18.0,30
1205,Ação,Console,Não,67.62,13.9,63.6,25.0,35
1206,Ação,Console,Não,54.89,40.1,83.9,26.0,82
1207,Estratégia,Mobile,Sim,0.0,14.6,76.9,27.0,32
1208,RPG,PC,Sim,0.0,9.2,50.9,32.0,22
1209,Ação,PC,Não,23.27,28.9,69.5,31.0,63
1210,RPG,Console,Sim,0.0,18.6,76.7,26.0,40
1211,Esporte,Mobile,Não,21.55,3.8,75.0,22.0,17
1212,Indie,PC,Não,26.07,11.4,52.9,26.0,29
1213,Estratégia,PC,Não,28.15,4.6,51.1,21.0,17
1214,RPG,PC,Sim,0.0,0.8,58.9,24.0,7
1215,Ação,Mobile,Não,42.64,47.1,78.1,43.0,103
1216,Estratégia,PC,Sim,0.0,16.1,57.8,26.0,35
1217,RPG,Console,Não,16.28,11.8,64.3,28.0,30
1218,Estratégia,Mobile,Sim,0.0,9.8,74.8,20.0,29
1219,Esporte,PC,Não,38.96,14.9,52.2,32.0,36
1220,Ação,Console,Não,19.41,9.7,74.3,30.0,21
1221,Ação,Console,Sim,0.0,6.3,53.6,30.0,29
1222,Ação,Mobile,Sim,0.0,10.2,64.2,27.0,28
1223,Indie,PC,Não,25.0,37.5,91.8,32.0,84
1224,Estratégia,PC,Sim,0.0,28.4,75.0,34.0,71
1225,Ação,PC,Sim,0.0,10.2,58.4,27.0,34
1226,Indie,Console,Não,27.49,50.3,91.6,24.0,118
1227,RPG,Console,Não,36.51,13.9,61.8,31.0,36
1228,RPG,PC,Sim,0.0,7.6,64.3,19.0,22
1229,Indie,PC,Não,18.34,19.2,64.7,20.0,51
1230,Ação,Mobile,Sim,0.0,41.5,87.7,25.0,97
1231,Ação,PC,Não,31.23,36.3,64.2,13.0,74
1232,Estratégia,PC,Sim,0.0,7.9,50.6,31.0,21
1233,Ação,Console,Não,36.76,5.2,45.4,18.0,16
1234,Esporte,PC,Não,77.55,10.9,61.0,22.0,28
1235,Ação,PC,Sim,0.0,21.6,54.2,24.0,39
1236,Ação,Console,Sim,0.0,25.9,64.3,25.0,50
1237,Ação,PC,Não,4.65,32.9,64.8,23.0,64
1238,RPG,Console,Não,43.07,16.8,78.4,25.0,38
1239,Ação,Console,Não,24.41,17.2,56.4,25.0,37
1240,Ação,Console,Não,5.99,16.3,53.2,22.0,39
1241,Indie,PC,Não,32.06,30.0,75.2,20.0,60
1242,RPG,Mobile,Não,48.94,26.2,85.9,33.0,67
1243,RPG,PC,Não,30.52,7.7,58.6,10.0,25
1244,Ação,Console,Não,34.84,24.0,69.1,24.0,52
1245,RPG,PC,Não,19.16,28.7,83.8,22.0,52
1246,Ação,Console,Sim,0.0,30.3,,28.0,74
1247,Estratégia,PC,Não,37.16,18.6,70.0,15.0,53
1248,Ação,PC,Sim,0.0,17.9,60.5,22.0,39
1249,Indie,Console,Sim,0.0,14.4,67.7,24.0,42
1250,Indie,PC,Não,7.44,15.5,52.1,32.0,32
1251,Ação,PC,Não,9.89,45.3,76.6,27.0,89
1252,Ação,Console,Sim,0.0,15.9,77.4,17.0,34
1253,Ação,Mobile,Sim,0.0,8.2,71.6,22.0,17
1254,Estratégia,PC,Não,25.19,18.9,70.3,31.0,40
1255,Ação,Mobile,Não,31.06,25.5,52.9,17.0,67
1256,Indie,Console,Sim,0.0,29.5,61.8,24.0,63
1257,Esporte,Mobile,Sim,0.0,6.2,52.6,25.0,21
1258,Indie,Console,Não,35.19,39.2,77.0,22.0,79
1259,Estratégia,Console,Não,17.66,24.8,58.6,44.0,56
1260,Indie,Console,Sim,0.0,37.8,75.5,22.0,86
1261,Ação,Console,Não,7.61,4.3,73.5,28.0,14
1262,RPG,Mobile,Não,20.1,31.1,77.3,20.0,83
1263,RPG,PC,Sim,0.0,5.9,60.5,29.0,16
1264,Indie,PC,Não,27.15,12.0,53.0,31.0,27
1265,Estratégia,PC,Não,30.79,25.4,55.5,21.0,59
1266,Indie,Mobile,Não,28.4,5.4,47.2,25.0,16
1267,Ação,PC,Não,20.93,9.6,45.6,19.0,35
1268,Indie,Console,Não,29.13,4.2,,17.0,13
1269,RPG,Mobile,Não,44.76,24.9,73.4,,55
1270,RPG,Mobile,Não,23.17,7.6,50.9,21.0,18
1271,Indie,PC,Não,29.68,15.2,65.5,10.0,37
1272,RPG,Console,Não,21.94,20.2,80.3,37.0,46
1273,RPG,Mobile,Não,16.64,18.7,83.8,19.0,42
1274,Estratégia,PC,Não,33.57,17.5,72.4,23.0,38
1275,Ação,Console,Sim,0.0,17.5,63.9,36.0,37
1276,RPG,PC,Sim,0.0,4.5,64.3,24.0,19
1277,Ação,Console,Não,24.95,12.5,74.7,24.0,27
1278,Ação,Console,Não,20.44,17.4,47.4,16.0,34
1279,Indie,PC,Sim,0.0,16.0,77.9,14.0,36
1280,Estratégia,PC,Não,18.09,13.7,58.3,24.0,35
1281,RPG,PC,Sim,0.0,8.5,55.3,28.0,20
1282,RPG,PC,Não,30.87,18.4,62.8,27.0,36
1283,RPG,Console,Não,28.19,21.0,70.5,22.0,47
1284,Estratégia,PC,Sim,0.0,10.7,,25.0,39
1285,Indie,PC,Não,17.83,29.6,70.2,12.0,69
1286,Indie,Console,Sim,0.0,39.8,83.6,28.0,93
1287,RPG,Console,Não,19.53,15.4,66.2,26.0,32
1288,RPG,Console,Sim,0.0,7.8,63.1,39.0,20
1289,RPG,Mobile,Não,13.51,5.3,55.3,25.0,20
1290,Estratégia,PC,Não,8.67,11.9,68.4,18.0,37
1291,RPG,Mobile,Sim,0.0,14.6,73.3,25.0,30
1292,Esporte,PC,Sim,0.0,5.1,67.0,23.0,14
1293,Estratégia,Console,Sim,0.0,11.6,65.8,28.0,23
1294,RPG,Mobile,Não,14.33,28.5,80.6,25.0,59
1295,RPG,Mobile,Não,72.73,1.7,63.9,16.0,9
1296,RPG,Console,Não,19.87,16.1,88.7,14.0,36
1297,Ação,Console,Não,20.88,9.6,71.7,27.0,23
1298,Ação,PC,Não,58.11,14.9,63.1,35.0,31
1299,Esporte,Console,Não,36.43,41.2,71.5,26.0,97
1300,RPG,Console,Não,91.9,14.4,61.3,31.0,29
1301,Ação,Mobile,Não,28.48,12.8,59.7,32.0,29
1302,Estratégia,Console,Não,19.33,23.8,73.9,27.0,50
1303,Esporte,PC,Não,16.99,18.6,59.9,19.0,47
1304,Ação,Console,Não,8.1,16.2,75.4,26.0,42
1305,Indie,PC,Sim,0.0,19.1,54.0,33.0,47
1306,Indie,PC,Sim,0.0,33.9,60.6,29.0,72
1307,Estratégia,PC,Não,35.14,27.3,70.2,30.0,55
1308,Esporte,Console,Não,24.83,12.2,54.7,22.0,26
1309,Ação,PC,Não,13.5,39.8,67.6,24.0,95
1310,Indie,PC,Não,28.11,10.1,55.3,24.0,35
1311,RPG,PC,Não,45.05,16.1,57.8,25.0,23
1312,Indie,Mobile,Não,31.77,17.5,65.6,33.0,47
1313,Estratégia,Console,Sim,0.0,11.7,56.4,10.0,17
1314,Ação,PC,Não,15.21,37.0,72.3,25.0,76
1315,Ação,PC,Sim,0.0,11.3,61.7,24.0,20
1316,Esporte,Console,Não,3.75,13.5,72.2,15.0,27
1317,Estratégia,PC,Não,30.87,30.1,86.3,30.0,62
1318,Ação,Console,Não,114.69,10.4,62.6,20.0,30
1319,Esporte,PC,Não,9.92,4.9,60.0,23.0,18
1320,Indie,Mobile,Não,21.22,16.5,63.3,38.0,42
1321,RPG,PC,Não,24.42,6.3,63.1,32.0,18
1322,RPG,Console,Não,18.59,5.7,61.9,29.0,15
1323,Ação,PC,Não,45.69,1.8,68.0,28.0,8
1324,Esporte,Mobile,Sim,0.0,2.1,39.3,24.0,3
1325,RPG,Mobile,Sim,0.0,2.3,54.3,39.0,10
1326,Indie,Console,Não,39.58,43.3,84.0,31.0,84
1327,RPG,Console,Sim,0.0,2.3,56.1,20.0,12
1328,Estratégia,PC,Não,165.33,6.2,50.3,15.0,23
1329,Ação,Mobile,Não,26.86,13.7,51.5,29.0,36
1330,Ação,Console,Não,27.58,23.1,76.1,25.0,51
1331,Esporte,PC,Sim,0.0,24.8,63.1,15.0,52
1332,RPG,Console,Não,17.71,7.8,43.9,28.0,18
1333,Estratégia,Console,Sim,0.0,15.9,,23.0,46
1334,Indie,Mobile,Não,11.01,13.4,67.2,29.0,38
1335,Indie,Console,Não,6.72,15.3,63.1,28.0,40
1336,Indie,Console,Sim,0.0,16.8,56.8,21.0,34
1337,Ação,Console,Sim,0.0,20.2,66.1,,45
1338,Estratégia,PC,Sim,0.0,9.4,71.6,22.0,26
1339,Indie,PC,Não,20.05,11.3,47.2,22.0,29
1340,RPG,PC,Não,8.04,57.5,75.4,21.0,116
1341,Ação,Console,Sim,0.0,9.9,55.3,33.0,27
1342,Indie,PC,Sim,0.0,16.1,64.4,23.0,33
1343,RPG,PC,Não,8.42,13.5,58.6,35.0,41
1344,Estratégia,PC,Sim,0.0,15.7,70.2,37.0,35
1345,Indie,PC,Não,38.84,30.6,83.2,20.0,72
1346,Estratégia,Console,Não,48.39,12.9,65.2,10.0,31
1347,RPG,PC,Não,34.82,5.5,63.3,32.0,10
1348,RPG,PC,Não,36.31,9.3,63.0,23.0,24
1349,RPG,Console,Não,33.53,12.9,62.8,19.0,31
1350,Ação,PC,Não,41.31,17.2,53.7,21.0,46
1351,Esporte,PC,Sim,0.0,7.9,50.5,22.0,22
1352,Indie,PC,Sim,0.0,8.6,48.0,34.0,18
1353,Ação,Mobile,Não,15.77,17.7,64.3,26.0,41
1354,RPG,PC,Sim,0.0,18.1,68.0,34.0,40
1355,Indie,Console,Não,30.97,27.7,58.6,28.0,60
1356,Ação,Mobile,Não,29.81,9.2,61.2,23.0,24
1357,Estratégia,Console,Não,47.96,21.6,60.1,22.0,60
1358,RPG,PC,Não,48.87,13.5,53.5,29.0,29
1359,Esporte,Console,Não,14.54,10.3,55.6,31.0,29
1360,Ação,Console,Não,28.31,13.9,53.3,32.0,27
1361,Esporte,PC,Sim,0.0,15.4,69.7,23.0,47
1362,RPG,Console,Não,21.91,5.0,56.5,26.0,15
1363,Estratégia,PC,Não,29.76,5.3,65.5,29.0,21
1364,Ação,PC,Não,3.17,23.7,65.2,22.0,36
1365,RPG,PC,Não,104.25,11.1,58.0,17.0,32
1366,Estratégia,PC,Sim,0.0,17.3,82.2,19.0,29
1367,Ação,PC,Não,17.16,23.2,54.3,23.0,48
1368,Ação,Console,Não,77.98,13.9,74.9,30.0,41
1369,Ação,Mobile,Sim,0.0,21.9,83.0,34.0,54
1370,RPG,PC,Não,26.56,15.4,71.1,16.0,34
1371,Ação,Console,Sim,0.0,16.0,61.6,21.0,36
1372,Indie,Console,Sim,0.0,32.3,87.2,22.0,77
1373,RPG,PC,Não,23.03,12.8,59.8,31.0,40
1374,Indie,PC,Sim,0.0,23.8,62.9,21.0,59
1375,Indie,PC,Não,50.51,4.1,54.0,22.0,9
1376,Ação,PC,Sim,0.0,16.8,59.9,15.0,52
1377,Esporte,PC,Não,23.75,37.8,,28.0,84
1378,Indie,PC,Sim,0.0,60.2,100.0,24.0,102
1379,Estratégia,Console,Não,112.52,4.3,50.6,20.0,18
1380,RPG,PC,Sim,0.0,11.1,61.4,23.0,24
1381,RPG,PC,Não,26.31,6.5,45.9,33.0,19
1382,Ação,PC,Não,27.18,13.2,63.2,18.0,36
1383,Estratégia,Console,Sim,0.0,26.5,60.5,19.0,63
1384,Indie,PC,Não,17.12,33.0,64.2,34.0,84
1385,Indie,Console,Não,20.76,33.8,74.3,26.0,70
1386,Ação,PC,Não,9.75,4.0,66.9,30.0,13
1387,Esporte,PC,Não,12.06,15.1,68.0,28.0,29
1388,RPG,Mobile,Sim,0.0,9.0,65.0,25.0,26
1389,Indie,PC,Não,23.72,12.6,61.4,23.0,32
1390,Ação,PC,Não,70.91,10.1,58.0,31.0,33
1391,Indie,PC,Sim,0.0,4.2,,33.0,12
1392,Indie,Mobile,Não,14.19,33.3,69.9,33.0,76
1393,Ação,Console,Não,15.85,7.9,67.2,17.0,23
1394,Ação,Console,Não,55.97,9.2,71.6,34.0,23
1395,Indie,Mobile,Não,48.23,37.9,70.2,22.0,88
1396,Ação,PC,Não,24.95,3.5,50.8,20.0,12
1397,Estratégia,Mobile,Sim,0.0,20.0,62.1,24.0,46
1398,Indie,PC,Não,48.18,29.1,59.3,31.0,59
1399,Estratégia,Console,Sim,0.0,36.0,72.4,29.0,89
1400,RPG,PC,Não,31.04,19.0,78.1,23.0,45
1401,RPG,PC,Não,95.93,24.2,,31.0,52
1402,Ação,Mobile,Não,27.75,29.1,84.4,26.0,53
1403,Indie,PC,Sim,0.0,13.4,59.1,21.0,23
1404,RPG,Mobile,Sim,0.0,7.0,78.2,20.0,29
1405,Ação,PC,Não,18.5,39.8,72.7,28.0,88
1406,Ação,Console,Não,10.63,22.4,67.1,24.0,63
1407,Indie,Mobile,Não,37.36,15.1,55.9,15.0,34
1408,Ação,PC,Não,47.98,4.4,51.5,31.0,4
1409,Indie,Mobile,Não,20.36,1.3,67.8,22.0,12
1410,Esporte,Console,Sim,0.0,19.7,71.1,36.0,47
1411,Indie,Console,Não,13.78,1.2,65.0,15.0,5
1412,Indie,PC,Sim,0.0,15.0,52.2,24.0,18
1413,Indie,Console,Não,17.51,8.3,65.9,20.0,15
1414,Indie,Console,Sim,0.0,10.1,52.3,18.0,31
1415,Ação,Console,Sim,0.0,34.0,63.4,22.0,71
1416,Esporte,PC,Não,32.46,8.3,62.1,,19
1417,Estratégia,PC,Não,34.59,15.5,66.4,26.0,34
1418,Estratégia,Mobile,Sim,0.0,8.4,60.5,19.0,20
1419,Indie,PC,Sim,0.0,18.4,72.5,12.0,50
1420,Indie,Console,Não,19.15,16.6,72.8,13.0,43
1421,Esporte,Mobile,Não,28.89,15.0,77.2,21.0,26
1422,RPG,PC,Sim,0.0,29.1,61.7,21.0,70
1423,RPG,PC,Não,31.92,3.5,70.6,23.0,21
1424,RPG,Console,Sim,0.0,2.6,73.5,10.0,10
1425,RPG,PC,Não,19.5,5.2,54.8,24.0,16
1426,RPG,Console,Não,11.05,16.6,49.9,32.0,48
1427,Ação,Console,Sim,0.0,20.7,55.0,36.0,43
1428,Ação,Console,Sim,0.0,0.4,51.1,12.0,3
1429,Esporte,PC,Sim,0.0,20.5,85.4,19.0,48
1430,RPG,Console,Sim,0.0,11.3,61.9,19.0,27
1431,Indie,Console,Não,43.78,40.5,73.7,26.0,84
1432,Estratégia,PC,Não,111.83,19.5,60.5,16.0,34
1433,Ação,Console,Não,19.4,37.4,65.5,37.0,83
1434,Ação,Mobile,Não,17.76,32.9,82.6,25.0,68
1435,Ação,Console,Não,12.61,11.3,61.0,24.0,26
1436,Indie,Console,Não,27.8,26.6,89.9,36.0,69
1437,Ação,PC,Não,27.7,11.3,67.4,25.0,23
1438,Estratégia,PC,Sim,0.0,43.8,88.7,28.0,80
1439,Indie,PC,Sim,0.0,12.1,60.1,20.0,33
1440,Indie,PC,Não,7.48,21.4,58.0,15.0,43
1441,Ação,Mobile,Sim,0.0,49.3,76.7,21.0,118
1442,Ação,PC,Não,15.45,22.1,55.9,40.0,52
1443,Ação,Mobile,Não,24.03,10.4,69.4,29.0,29
1444,Ação,PC,Não,10.42,4.6,54.3,27.0,17
1445,Ação,PC,Sim,0.0,3.5,65.7,18.0,13
1446,Estratégia,PC,Não,20.74,20.4,68.5,31.0,51
1447,Indie,PC,Não,24.37,13.9,60.7,15.0,34
1448,Estratégia,Console,Não,32.72,5.3,47.7,14.0,24
1449,Estratégia,Mobile,Não,58.17,24.7,72.5,21.0,53
1450,Ação,Mobile,Sim,0.0,24.4,67.7,39.0,44
1451,Indie,PC,Não,43.7,13.7,71.3,38.0,36
1452,Estratégia,Console,Não,58.42,38.5,71.7,22.0,87
1453,Indie,PC,Não,34.53,2.8,62.2,20.0,15
1454,Indie,Mobile,Não,24.0,10.7,76.2,14.0,31
1455,RPG,Console,Não,44.95,22.0,70.7,,53
1456,Ação,PC,Não,46.7,5.9,65.6,26.0,19
1457,Ação,PC,Sim,0.0,26.4,76.0,31.0,61
1458,RPG,PC,Não,10.25,31.8,91.2,31.0,59
1459,Indie,PC,Sim,0.0,0.8,58.8,24.0,10
1460,RPG,Mobile,Não,20.8,39.4,84.9,29.0,77
1461,Esporte,Console,Não,39.16,21.0,67.3,20.0,48
1462,Estratégia,Mobile,Não,24.22,9.7,53.9,29.0,27
1463,Ação,PC,Não,48.53,3.8,46.4,,14
1464,RPG,Console,Não,54.01,28.8,83.7,28.0,69
1465,Esporte,PC,Sim,0.0,5.0,48.9,28.0,10
1466,Esporte,Console,Sim,0.0,21.0,74.3,25.0,43
1467,RPG,PC,Sim,0.0,5.2,61.9,31.0,13
1468,Ação,PC,Não,32.77,14.7,72.1,14.0,27
1469,Esporte,Console,Não,17.04,28.0,67.2,18.0,59
1470,Ação,PC,Sim,0.0,9.8,53.8,23.0,24
1471,Indie,Console,Não,20.65,39.2,81.9,15.0,62
1472,Ação,Console,Sim,0.0,22.3,65.7,22.0,56
1473,Ação,PC,Não,32.34,5.9,47.5,22.0,22
1474,RPG,Mobile,Sim,0.0,4.1,74.9,34.0,13
1475,Estratégia,Console,Não,27.29,7.5,52.4,,15
1476,Estratégia,Mobile,Não,106.56,14.2,54.6,32.0,30
1477,RPG,Console,Não,27.29,41.7,77.8,27.0,96
1478,Indie,Console,Sim,0.0,47.0,94.5,21.0,92
1479,RPG,Console,Não,11.39,9.5,41.2,26.0,24
1480,RPG,Mobile,Não,47.77,9.2,71.0,30.0,23
1481,RPG,Console,Não,18.15,25.0,61.8,33.0,58
1482,Ação,PC,Não,16.64,24.9,72.3,24.0,61
1483,Estratégia,PC,Não,52.92,35.1,70.0,13.0,78
1484,Ação,Console,Sim,0.0,35.7,94.3,13.0,80
1485,Estratégia,PC,Não,48.39,7.0,60.3,23.0,20
1486,Ação,PC,Sim,0.0,3.3,50.6,10.0,13
1487,Indie,PC,Não,23.79,22.6,65.9,38.0,39
1488,RPG,Console,Sim,0.0,17.3,66.2,29.0,36
1489,Indie,PC,Sim,0.0,1.7,57.6,21.0,9
1490,RPG,Console,Não,62.31,3.2,,17.0,12
1491,Ação,Console,Não,30.6,21.8,68.1,32.0,60
1492,Indie,Mobile,Não,80.23,13.2,50.5,17.0,44
1493,Estratégia,PC,Não,42.03,22.2,65.3,18.0,51
1494,Esporte,Console,Sim,0.0,5.5,63.8,20.0,8
1495,RPG,Console,Sim,0.0,23.3,63.0,26.0,52
1496,Estratégia,Console,Não,68.28,18.9,72.4,29.0,32
1497,Indie,Console,Não,81.37,24.5,70.0,33.0,49
1498,Estratégia,PC,Não,50.01,10.1,59.1,32.0,24
1499,RPG,Mobile,Não,24.91,8.3,70.7,25.0,23
1500,Esporte,PC,Não,21.54,3.8,41.6,32.0,8
